Name,Location,Year,Kilometers_Driven,Fuel_Type,Transmission,Owner_Type,Mileage,Engine,Power,Seats,Car_age,Price
16,4,2014,40929,0,1,0,32.26,998.0,58.2,4.0,6,3.3668432
16,3,2013,54493,3,1,2,24.7,796.0,47.3,5.0,7,2.598168
26,9,2017,34000,1,1,0,13.68,2393.0,147.8,7.0,3,17.099854
26,5,2012,139000,1,1,0,23.59,1364.0,110.38042013311147,5.0,8,4.836037
9,9,2014,29000,3,1,0,18.5,1197.0,82.85,5.0,6,4.2047424
15,3,2016,85609,1,1,2,16.0,2179.0,140.0,7.0,4,11.751161
26,10,2015,59000,1,0,0,12.55,2982.0,168.7,7.0,5,19.995277
9,6,2013,65000,3,1,0,21.1,814.0,55.2,5.0,7,2.5530176
8,9,2011,66000,3,1,2,17.0,1497.0,118.0,5.0,9,3.4956965
15,3,2015,54684,1,1,0,15.1,2179.0,140.0,7.0,5,13.14075
0,9,2012,78000,1,0,2,12.8,1968.0,167.6,5.0,8,18.096
9,6,2016,21000,3,1,0,18.9,1197.0,82.0,5.0,4,5.361703
26,2,2007,90000,3,1,3,13.4,1794.0,125.0,5.0,13,2.8847933
16,3,2008,87628,1,1,0,17.8,1248.0,75.0,5.0,12,3.3304296
20,9,2014,45000,3,1,0,13.24,1598.0,102.5,5.0,6,4.2599483
1,3,2013,30788,1,0,0,17.05,1995.0,184.0,5.0,7,19.962866
1,5,2015,39524,1,0,0,19.59,1995.0,184.0,5.0,5,30.618465
6,2,2009,140000,1,1,0,13.8,1399.0,68.0,5.0,11,2.139148
16,7,2019,15409,3,0,0,22.0,1197.0,81.8,5.0,1,7.4705973
16,6,2015,36502,3,1,0,17.5,1298.0,85.8,5.0,5,5.34833
16,10,2016,200000,1,1,0,23.2,1248.0,73.94,5.0,4,3.865786
20,4,2010,70000,3,1,0,18.06,1198.0,75.0,5.0,10,1.9379649
16,7,2017,36701,3,1,0,24.7,796.0,47.3,5.0,3,3.2353024
24,1,2009,72000,3,1,2,17.5,1593.5849673202615,110.38042013311147,5.28454619787408,11,2.9813478
8,1,2011,40000,3,1,2,15.5,1799.0,132.0,5.0,9,5.502158
6,10,2005,47000,3,1,2,13.8,1299.0,70.0,5.0,15,0.927027
16,10,2006,93500,3,1,2,19.7,796.0,46.3,5.0,14,1.1639004
8,10,2015,52000,1,1,0,27.3,1498.0,98.6,5.0,5,6.4557395
24,4,2015,55429,1,0,2,21.66,1498.0,103.52,5.0,5,6.815344
9,9,2011,133000,3,1,2,17.0,1197.0,80.0,5.0,9,2.7177851
26,2,2014,70000,1,1,2,23.59,1364.0,67.06,5.0,6,4.434628
27,10,2014,68000,1,1,0,15.11,1598.0,103.6,5.0,6,5.63639
9,10,2010,71000,3,1,2,19.81,1086.0,68.05,5.0,10,2.123941
19,2,2012,121000,1,1,0,10.5,2835.0,107.2,6.0,8,10.20577
16,8,2015,107000,1,1,0,23.4,1248.0,74.0,5.0,5,3.87958
16,2,2015,51000,3,1,0,19.1,1197.0,85.8,5.0,5,4.9873405
24,9,2017,13500,3,0,0,14.84,1598.0,103.52,5.0,3,8.603896
9,1,2016,13000,3,1,0,15.29,1591.0,121.3,5.0,4,10.703176
26,10,2010,81000,1,1,0,12.8,2494.0,102.0,8.0,10,5.939625
1,9,2012,66889,1,0,0,22.48,1995.0,190.0,5.0,8,16.26039
16,0,2018,32000,1,1,0,27.39,1248.0,74.0,5.0,2,7.3108044
0,10,2013,87001,1,0,0,17.11,1968.0,174.33,5.0,7,15.822567
0,5,2013,55000,1,0,2,16.55,1968.0,140.0,5.0,7,17.689875
24,6,2018,4000,3,1,0,15.41,1598.0,103.52,5.0,2,9.340122
16,7,2017,27778,1,1,0,24.52,1248.0,88.5,7.0,3,8.826244
16,9,2017,5000,3,1,0,20.73,1373.0,91.1,5.0,3,9.175878
16,10,2014,72000,3,1,0,20.73,1373.0,91.1,5.0,6,5.1613235
17,2,2015,21000,1,0,0,20.0,2143.0,136.0,5.0,5,22.041574
26,7,2015,59299,1,1,0,12.99,2494.0,100.6,7.0,5,11.641499
1,0,2014,75000,1,0,0,18.88,1995.0,184.0,5.0,6,19.104528
16,7,2019,3413,3,1,0,24.7,796.0,47.3,5.0,1,3.6407828
6,9,2014,62000,1,1,0,22.7,1498.0,89.84,5.0,6,5.762273
6,9,2010,105001,1,0,0,11.4,2953.0,153.86,7.0,10,5.82239
0,9,2013,89000,1,0,0,14.16,1968.0,174.3,5.0,7,21.426313
9,9,2014,21000,3,1,0,17.01,1591.0,121.3,5.0,6,5.3326
15,8,2014,50000,1,1,0,15.1,2179.0,140.0,7.0,6,8.929104
16,5,2016,70687,1,1,0,24.3,1248.0,88.5,5.0,4,7.97118
26,10,2016,104350,1,1,0,23.59,1364.0,67.04,5.0,4,4.8782806
25,2,2011,150000,1,1,2,19.09,1396.0,69.0,5.0,9,3.2326293
8,4,2008,81000,3,1,0,17.7,1497.0,78.0,5.0,12,2.5891116
26,8,2008,89000,3,1,2,14.53,1798.0,138.1,5.0,12,2.8947263
9,7,2017,35223,3,1,0,18.9,1197.0,82.0,5.0,3,6.021684
9,8,2015,48000,3,1,0,18.6,1197.0,81.83,5.0,5,4.2667856
27,4,2015,60000,1,1,0,20.14,1498.0,88.8,5.0,5,4.9744306
16,9,2018,7000,3,1,0,23.0,998.0,67.0,5.0,2,4.5823226
3,7,2015,47572,3,1,0,18.2,1199.0,82.5,5.0,5,3.9037213
15,4,2010,72727,1,1,2,15.4,2179.0,120.0,8.0,10,3.3952656
27,9,2018,4708,1,1,0,21.66,1498.0,108.62,5.0,2,10.38601
16,4,2009,55000,3,1,2,18.9,998.0,67.1,5.0,11,1.805671
8,3,2013,44198,3,1,2,18.4,1198.0,86.8,5.0,7,4.3558025
16,0,2015,35000,3,1,0,16.02,1373.0,93.7,7.0,5,6.317395
9,0,2013,63831,3,1,0,0.0,1086.0,62.0,5.0,7,4.4208694
6,4,2017,17540,3,1,0,18.16,1196.0,86.8,5.0,3,5.7384086
25,9,2017,14000,3,0,0,23.84,1199.0,84.0,5.0,3,5.6867814
9,1,2007,47000,3,1,2,0.0,1086.0,110.38042013311147,5.0,13,2.8203402
3,2,2010,75422,3,1,2,18.6,1199.0,79.4,5.0,10,2.0949883
20,5,2011,67000,1,1,2,23.08,1461.0,63.1,5.0,9,1.5291708
26,4,2013,79999,1,1,0,12.99,2494.0,100.0,8.0,7,8.728789
9,8,2017,5044,3,1,0,20.14,1197.0,81.86,5.0,3,4.875504
16,8,2016,31601,3,1,0,20.73,1373.0,91.1,5.0,4,6.12456
1,4,2014,70000,1,0,0,18.12,1995.0,190.0,5.0,6,20.527695
26,0,2016,16000,3,0,0,19.16,2487.0,175.67,5.0,4,21.223618
26,9,2016,31700,1,1,0,21.43,1364.0,87.2,5.0,4,8.029592
9,7,2014,76969,1,1,0,22.32,1582.0,126.32,5.0,6,6.0045395
27,8,2015,37000,1,0,0,21.21,1498.0,103.2,5.0,5,6.4525
20,9,2014,23000,3,0,0,11.07,2496.0,179.5,5.0,6,17.017948
9,3,2014,59098,3,1,2,17.0,1197.0,80.0,5.0,6,5.4615326
25,7,2010,142299,3,1,0,13.07,1368.0,88.76,5.0,10,2.6446285
6,6,2011,75731,1,1,0,20.0,1399.0,68.0,5.0,9,2.5690825
9,3,2017,69627,3,1,0,18.6,1197.0,81.83,5.0,3,7.2778587
6,9,2011,49000,3,1,0,15.3,1596.0,99.6,5.0,9,2.8858008
17,9,2015,25700,3,0,0,11.9,1595.0,120.7,5.0,5,10.847758
9,4,2012,80800,3,1,0,18.5,1197.0,82.85,5.0,8,3.2809982
16,5,2013,110896,1,1,0,23.4,1248.0,74.0,5.0,7,4.938335
9,8,2009,62261,3,1,0,17.92,1086.0,62.1,5.0,11,1.3957739
16,7,2017,27610,3,1,0,21.4,1197.0,83.1,5.0,3,6.6064363
8,7,2011,89219,3,1,0,10.2,2354.0,180.0,5.0,9,6.8903766
20,5,2018,6700,3,0,0,19.34,1198.0,75.94,5.0,2,6.521304
16,10,2011,51599,3,1,0,19.0,998.0,67.1,5.0,9,2.1807005
9,8,2013,37489,1,1,0,22.7,1582.0,126.24,5.0,7,5.47912
25,9,2016,98000,1,1,0,17.5,1396.0,70.0,5.0,4,4.6704884
25,5,2012,25183,3,1,0,26.0,624.0,35.0,4.0,8,2.3956888
1,1,2015,52100,1,0,2,18.12,1995.0,190.0,5.0,5,28.691286
8,10,2014,60000,1,1,0,25.8,1498.0,98.6,5.0,6,5.0256534
27,8,2013,51000,1,1,0,22.07,1199.0,73.9,5.0,7,3.0221744
25,9,2012,70000,1,1,0,22.3,1248.0,74.0,5.0,8,3.2990646
0,6,2015,95000,1,1,0,17.32,1968.0,138.13,5.0,5,9.490613
8,6,2014,66346,1,1,0,26.0,1498.0,98.6,5.0,6,6.0255075
8,5,2015,69150,1,1,0,25.8,1498.0,98.6,5.0,5,5.935672
9,1,2016,31000,3,1,0,18.6,1197.0,81.83,5.0,4,6.6475763
1,1,2013,49000,1,0,2,18.12,1995.0,190.0,5.0,7,20.27855
8,7,2014,63058,3,1,0,19.4,1198.0,86.8,5.0,6,4.398136
17,4,2016,22000,1,0,0,19.71,2143.0,201.15,5.0,4,30.302877
27,3,2015,73026,3,1,0,16.47,1198.0,74.0,5.0,5,5.6060805
9,3,2011,21762,3,0,2,19.2,1197.0,80.0,5.0,9,4.267454
9,3,2018,29738,3,1,0,17.01,1591.0,121.3,5.0,2,11.625679
9,9,2018,16053,3,1,0,18.6,1197.0,81.83,5.0,2,6.5715394
1,7,2012,61665,1,0,0,16.73,2993.0,218.0,5.0,8,20.38099
16,4,2015,51000,1,1,0,19.3,1248.0,73.9,5.0,5,4.839471
8,1,2016,34820,1,1,0,21.9,1498.0,98.6,7.0,4,8.415689
16,9,2018,12000,3,1,0,17.5,1373.0,91.1,7.0,2,8.439698
16,5,2017,32287,1,1,0,26.59,1248.0,74.0,5.0,3,7.5470934
26,6,2012,121134,1,1,0,23.59,1364.0,110.38042013311147,5.0,8,4.081499
1,3,2015,74485,1,0,0,16.09,1995.0,184.0,5.0,5,22.273472
3,2,2011,63000,1,1,0,25.44,936.0,57.6,5.0,9,1.9749317
0,3,2018,53190,1,0,0,18.51,1968.0,147.51,5.0,2,23.649889
17,1,2016,26900,1,0,0,12.0,2987.0,224.0,7.0,4,32.848637
1,5,2015,40000,1,0,0,19.59,1995.0,184.0,5.0,5,30.618465
9,3,2016,40587,3,1,0,18.9,1197.0,82.0,5.0,4,6.3562827
9,5,2015,27000,3,1,0,18.9,1197.0,82.0,5.0,5,5.2521214
26,3,2016,29108,1,1,0,23.59,1364.0,67.04,5.0,4,6.078383
4,9,2015,18000,3,1,0,19.83,1198.0,67.0,5.0,5,2.8922167
16,8,2017,10500,3,1,0,20.89,1197.0,81.8,5.0,3,4.928178
16,2,2009,60000,3,1,3,19.0,998.0,66.1,5.0,11,1.9923663
8,10,2011,61000,3,0,3,13.9,1799.0,130.3,5.0,9,4.9026604
16,8,2017,5000,3,1,0,22.74,796.0,47.3,5.0,3,2.8292096
12,10,2018,24001,1,0,0,13.6,1999.0,177.0,5.0,2,37.15767
9,5,2011,76000,1,1,0,23.0,1396.0,90.0,5.0,9,4.331301
6,5,2014,56000,3,1,0,18.88,999.0,123.24,5.0,6,6.58191
15,9,2016,30000,3,1,0,18.15,1198.0,82.0,5.0,4,5.3380466
16,5,2017,44263,1,1,0,24.3,1248.0,88.5,5.0,3,9.280715
6,5,2011,97899,1,1,0,20.0,1399.0,68.0,5.0,9,2.7775826
27,6,2011,157301,1,1,2,20.54,1598.0,103.6,5.0,9,3.6380439
6,6,2008,135000,1,1,0,17.8,1399.0,110.38042013311147,5.0,12,2.2008228
5,10,2016,35000,3,1,2,14.4,1368.0,88.8,5.0,4,5.4601717
8,10,2009,106000,3,1,0,13.5,1799.0,130.0,5.0,11,2.9524577
8,8,2016,121590,1,1,0,18.0,2000.0,148.0,5.0,4,11.637662
16,4,2012,64692,3,1,0,22.5,998.0,67.04,5.0,8,2.3629684
9,9,2010,41000,3,1,0,20.36,1197.0,78.9,5.0,10,2.4284382
27,3,2018,25143,1,0,0,22.0,1498.0,108.495,5.0,2,9.56205
27,0,2011,51000,1,1,0,20.54,1598.0,103.6,5.0,9,3.9743261
9,10,2005,109000,1,1,2,13.1,1493.0,82.0,5.0,15,1.6691082
6,7,2015,69062,1,1,0,22.7,1498.0,89.84,5.0,5,6.343627
12,7,2015,34386,1,0,0,16.36,2179.0,187.7,5.0,5,27.471102
16,4,2016,20185,3,1,0,21.4,1197.0,83.1,5.0,4,6.0582867
9,5,2013,41585,1,1,0,24.0,1120.0,70.0,5.0,7,4.518349
9,8,2011,24000,3,1,0,21.1,814.0,55.2,5.0,9,1.6362653
17,1,2016,40000,1,0,0,15.0,2143.0,204.0,5.0,4,30.16157
17,1,2012,37000,1,0,0,0.0,2987.0,165.0,5.0,8,21.397566
6,2,2015,67630,1,1,0,23.0,1498.0,98.96,5.0,5,6.2673683
16,3,2016,24192,3,0,0,23.1,998.0,67.04,5.0,4,4.7766237
16,5,2017,32248,1,1,0,24.3,1248.0,88.5,5.0,3,9.440094
15,9,2013,28000,1,1,0,13.0,2179.0,120.0,8.0,7,8.32492
9,7,2018,36471,3,0,0,14.8,1591.0,121.3,5.0,2,11.708149
8,7,2015,69689,3,1,0,17.3,1497.0,117.3,7.0,5,5.7996254
17,7,2015,69095,1,0,0,11.3,2987.0,254.8,7.0,5,36.41298
9,8,2010,46000,3,1,0,18.5,1197.0,80.0,5.0,10,2.294621
17,9,2008,65000,3,0,3,10.13,3498.0,364.9,5.0,12,10.461767
27,2,2015,119258,1,1,0,20.64,1498.0,108.5,5.0,5,5.9756217
17,1,2015,38339,1,0,0,13.0,2143.0,201.1,5.0,5,27.972754
26,9,2012,59503,3,1,0,16.78,1496.0,88.73,5.0,8,3.0942402
25,2,2010,93600,1,1,3,17.0,1405.0,71.0,5.0,10,2.8591847
27,3,2011,58865,3,1,0,14.3,1798.0,160.0,5.0,9,7.6667833
16,3,2012,64631,3,1,0,19.7,796.0,46.3,5.0,8,2.9166062
24,10,2007,124298,1,1,2,17.0,1896.0,105.0,5.0,13,2.747479
16,6,2003,50000,3,1,2,18.9,998.0,67.1,5.0,17,1.1789949
20,8,2013,40001,1,1,0,21.64,1461.0,84.8,5.0,7,3.0013442
8,1,2015,62659,3,1,0,19.4,1198.0,86.8,5.0,5,4.982078
9,7,2014,68138,3,1,0,20.36,1197.0,78.9,5.0,6,4.0928993
17,9,2014,34000,1,0,0,15.26,2143.0,203.2,5.0,6,27.742167
27,9,2013,67000,3,1,0,15.04,1598.0,103.6,5.0,7,4.0697365
8,4,2015,64141,1,1,0,24.2,1498.0,98.6,7.0,5,6.067562
16,8,2019,1000,3,1,0,24.7,796.0,47.3,5.0,1,3.3813424
17,9,2013,42000,1,0,0,13.0,2143.0,201.1,5.0,7,18.717508
8,3,2009,76677,3,1,3,16.9,1497.0,100.0,5.0,11,3.1228166
0,7,2013,66848,1,0,0,11.8,2967.0,246.7,5.0,7,31.807037
9,0,2007,78000,3,1,0,0.0,1086.0,62.0,5.0,13,3.0902324
16,4,2010,111166,1,1,0,19.3,1248.0,73.9,5.0,10,2.926423
9,2,2007,76000,1,1,0,18.1,1493.0,110.0,5.0,13,2.6114254
0,3,2012,94049,1,0,0,12.8,1968.0,167.6,5.0,8,19.652037
1,0,2014,47000,1,0,0,17.05,1995.0,184.0,5.0,6,23.1661
25,2,2006,140000,1,1,2,13.5,1405.0,110.38042013311147,5.0,14,1.9766655
25,4,2015,20047,3,1,0,23.9,624.0,37.48,4.0,5,2.3703122
1,2,2017,16000,1,0,0,16.77,2993.0,261.49,5.0,3,58.36011
8,2,2012,27000,3,1,0,18.5,1198.0,86.8,5.0,8,3.9547768
16,9,2018,1001,3,1,0,24.7,796.0,47.3,5.0,2,3.84697
9,8,2010,89312,3,1,0,17.0,1197.0,80.0,5.0,10,2.4148653
7,10,1996,65000,1,1,2,14.1,1995.0,110.38042013311147,5.0,24,1.9998281
23,10,2012,93000,1,1,2,19.01,1461.0,108.45,5.0,8,4.116858
16,8,2013,48000,1,1,0,23.4,1248.0,74.0,5.0,7,3.6034255
16,3,2014,64917,1,1,0,28.4,1248.0,73.75,5.0,6,5.675945
8,6,2017,19678,3,1,0,17.8,1497.0,117.3,5.0,3,9.095838
12,8,2014,12000,1,0,0,14.74,2993.0,270.9,5.0,6,34.834736
1,4,2014,41309,1,0,0,18.88,1995.0,184.0,5.0,6,22.23152
1,3,2018,25038,1,0,0,21.76,1995.0,190.0,5.0,2,38.485184
3,3,2016,68673,1,1,0,25.44,936.0,56.3,5.0,4,3.442781
17,3,2018,26343,1,0,0,19.27,2143.0,167.62,5.0,2,33.20247
16,1,2005,81245,3,1,1,16.8,796.0,34.2,8.0,15,1.2493324
20,4,2012,62100,1,1,0,23.08,1461.0,63.1,5.0,8,1.7371686
27,10,2013,104000,3,1,0,15.04,1598.0,103.6,5.0,7,4.0937905
0,3,2014,114831,1,0,0,17.68,1968.0,174.33,5.0,6,20.097992
5,9,2010,46000,3,1,0,14.6,1368.0,88.7,5.0,10,2.1450932
9,6,2014,80000,1,1,0,22.32,1582.0,126.32,5.0,6,6.4354825
9,8,2016,9201,3,1,0,17.19,1197.0,81.86,5.0,4,5.073698
8,7,2013,55311,3,1,0,19.4,1198.0,86.8,5.0,7,3.750349
8,3,2015,58217,1,1,0,24.5,1498.0,98.6,7.0,5,7.5595446
19,4,2013,70655,1,1,0,13.5,2477.0,175.56,7.0,7,10.139389
9,8,2015,46000,3,1,0,20.36,1197.0,78.9,5.0,5,3.2334814
25,10,2014,125000,1,1,0,21.02,1248.0,88.8,5.0,6,4.9405084
23,9,2014,59000,1,1,0,19.01,1461.0,108.45,5.0,6,5.23306
9,9,2013,66000,1,0,2,22.0,1582.0,126.2,5.0,7,7.452572
16,5,2009,82242,1,1,0,21.1,1248.0,73.9,5.0,11,3.1795874
26,5,2012,107281,1,1,0,12.8,2494.0,102.0,8.0,8,11.675437
25,2,2015,196000,1,1,2,12.2,1948.0,68.0,10.0,5,4.9188166
0,0,2015,75000,1,0,0,15.17,1968.0,181.0,5.0,5,22.660192
5,8,2011,11791,3,1,0,16.2,1172.0,68.0,5.0,9,2.0714076
9,0,2013,46000,3,1,0,16.3,1797.0,147.5,5.0,7,9.812501
27,10,2011,81000,1,1,2,22.07,1199.0,73.9,5.0,9,3.0248232
26,3,2015,46950,3,1,0,17.71,1197.0,78.8,5.0,5,5.4153295
9,2,2017,18000,3,1,0,18.9,1197.0,82.0,5.0,3,6.027133
15,3,2016,95942,1,1,0,15.4,2179.0,120.0,7.0,4,13.705814
16,7,2016,42925,3,1,0,20.73,1373.0,91.1,5.0,4,7.0873938
6,5,2014,33750,3,1,0,15.6,1196.0,70.02,5.0,6,4.145566
18,9,2016,14000,3,0,0,13.6,1598.0,181.0,4.0,4,20.426157
9,1,2015,29000,1,1,0,19.67,1582.0,126.2,5.0,5,11.051853
15,7,2015,67365,1,1,0,15.1,2179.0,140.0,7.0,5,11.05823
15,3,2014,67791,1,1,0,15.1,2179.0,140.0,7.0,6,10.200727
15,5,2016,20000,1,1,0,16.55,2498.0,105.0,6.0,4,11.86007
16,6,2011,90198,1,1,2,19.3,1248.0,73.9,5.0,9,2.8851774
9,10,2010,77000,3,1,0,19.81,1086.0,68.05,5.0,10,2.2075055
16,7,2017,42520,3,1,0,20.73,1373.0,91.1,5.0,3,8.057754
16,6,2009,87829,2,1,0,17.3,1061.0,57.5,5.0,11,1.7842774
16,0,2017,21701,3,0,0,21.4,1197.0,83.1,5.0,3,7.168517
16,3,2008,86033,3,1,0,19.7,796.0,46.3,5.0,12,2.2166483
9,9,2015,25000,3,1,0,19.1,1197.0,81.86,5.0,5,4.2978206
26,8,2011,45000,1,1,0,21.43,1364.0,87.2,5.0,9,2.9963753
27,3,2018,22987,3,1,0,16.47,1198.0,73.9,5.0,2,7.64497
9,6,2009,48725,3,1,0,19.81,1086.0,68.05,5.0,11,2.2084684
9,5,2013,42500,3,1,0,18.9,1197.0,81.86,5.0,7,4.5579143
9,9,2014,35000,3,0,0,17.1,1591.0,121.4,5.0,6,7.589464
6,1,2014,56000,1,1,2,17.8,1399.0,68.0,5.0,6,4.3441443
25,5,2014,10000,1,1,0,13.49,2179.0,138.03,5.0,6,8.923933
16,9,2010,15669,3,1,0,20.92,998.0,67.1,5.0,10,2.0795655
0,7,2016,55331,1,0,0,17.68,1968.0,174.33,5.0,4,23.413383
23,10,2015,44535,1,1,0,20.46,1461.0,83.8,5.0,5,5.727036
15,4,2012,74000,1,1,0,16.55,2498.0,105.0,7.0,8,6.3064046
26,4,2014,77901,1,1,0,12.99,2494.0,100.6,7.0,6,10.903422
16,8,2010,58186,3,1,0,17.5,1298.0,85.8,5.0,10,2.230231
3,9,2010,30000,3,1,0,14.2,1598.0,102.0,5.0,10,1.7076435
26,1,2012,90000,1,1,0,23.59,1364.0,110.38042013311147,5.0,8,4.7438474
12,3,2018,14730,3,0,0,13.5,1999.0,246.74,5.0,2,55.92091
16,6,2013,40000,3,1,2,19.7,796.0,46.3,5.0,7,2.1937284
3,2,2007,88107,3,1,2,15.26,1150.0,74.9,5.0,13,1.369401
27,4,2012,53226,1,1,2,20.64,1498.0,108.5,5.0,8,4.0602717
16,5,2013,76000,1,1,0,25.2,1248.0,74.0,5.0,7,4.8743105
26,5,2008,200000,1,1,2,12.8,2494.0,102.0,8.0,12,6.090402
17,5,2013,73000,1,0,0,14.21,2143.0,203.0,5.0,7,25.187405
9,6,2009,77200,3,1,2,13.2,1495.0,94.0,5.0,11,2.1946616
0,4,2012,67000,1,0,2,15.2,1968.0,140.8,5.0,8,10.76389
3,5,2005,150000,1,1,2,14.8,2499.0,80.0,10.0,15,2.130742
15,6,2009,145278,1,1,2,11.68,2498.0,112.0,8.0,11,4.3080735
9,2,2015,62083,1,1,0,21.19,1396.0,88.76,5.0,5,6.165397
8,10,2010,61696,3,1,0,13.5,1799.0,130.0,5.0,10,3.3223033
6,0,2017,28000,1,1,0,23.0,1498.0,98.96,5.0,3,9.087954
17,3,2013,50142,1,0,0,14.84,2143.0,170.0,5.0,7,19.821745
24,9,2014,45000,3,0,0,13.7,1798.0,157.75,5.0,6,13.82486
24,10,2014,97513,1,1,0,21.14,1498.0,103.52,5.0,6,5.163039
17,9,2011,55000,3,0,2,12.3,1796.0,185.0,5.0,9,9.826498
16,5,2004,82000,3,1,2,16.1,796.0,37.0,4.0,16,0.82331264
16,4,2013,71501,1,1,0,22.9,1248.0,74.0,5.0,7,3.7320218
8,5,2017,23000,1,1,0,21.9,1498.0,98.6,7.0,3,9.389463
0,7,2015,66095,1,0,0,17.68,1968.0,174.33,5.0,5,20.06961
26,9,2014,49500,1,1,0,11.5,2982.0,171.0,7.0,6,15.651417
26,2,2009,90000,3,1,0,13.4,2362.0,164.7,5.0,11,5.2724447
16,9,2017,25384,3,1,0,20.89,1197.0,81.8,5.0,3,5.4417005
9,4,2016,27529,3,1,2,17.01,1591.0,121.3,5.0,4,8.953446
8,7,2012,69297,3,1,0,16.8,1497.0,116.3,5.0,8,4.607272
8,5,2009,66000,3,1,0,17.0,1497.0,118.0,5.0,11,3.785365
15,5,2012,20000,1,1,0,21.03,1461.0,65.0,5.0,8,3.7094135
17,2,2015,67000,1,0,0,11.3,2987.0,254.8,7.0,5,41.04539
9,3,2015,36933,3,1,0,21.1,814.0,55.2,5.0,5,3.661141
26,9,2007,194000,1,1,0,12.99,2494.0,100.6,8.0,13,4.225574
16,8,2013,42200,1,1,0,20.77,1248.0,88.76,7.0,7,5.4195356
0,3,2015,53093,1,0,2,12.07,2967.0,241.4,7.0,5,41.512497
8,10,2012,88000,3,1,3,17.0,1497.0,118.0,5.0,8,4.4161067
16,7,2017,42954,3,1,0,24.07,998.0,67.1,5.0,3,3.5061688
25,2,2015,106000,1,1,0,25.0,1396.0,69.0,5.0,5,4.121779
1,7,2015,41700,1,0,0,18.12,1995.0,190.0,5.0,5,24.623037
17,3,2018,34464,1,0,0,19.27,2143.0,170.0,5.0,2,31.234207
3,0,2010,15000,3,1,0,17.8,1199.0,76.8,5.0,10,2.3875575
16,10,2010,70000,3,1,2,19.0,998.0,67.1,5.0,10,1.8002558
15,5,2017,119256,1,1,0,16.0,2179.0,140.0,7.0,3,13.702108
8,3,2011,50036,3,1,0,17.0,1497.0,118.0,5.0,9,4.9744773
26,0,2013,58000,1,1,0,12.99,2494.0,100.6,7.0,7,9.474068
9,10,2011,75000,3,1,0,18.5,1197.0,80.0,5.0,9,3.1179123
16,5,2013,53313,3,1,0,20.92,998.0,67.1,5.0,7,3.09165
26,8,2015,73000,1,1,0,12.99,2494.0,100.6,8.0,5,9.97598
20,7,2013,83989,1,1,0,23.08,1461.0,63.1,5.0,7,2.5144565
9,2,2015,86247,1,1,0,19.67,1582.0,126.2,5.0,5,9.285869
26,9,2016,24000,1,1,0,12.99,2494.0,100.6,8.0,4,12.282439
17,5,2010,58000,1,0,0,14.21,2143.0,203.0,5.0,10,17.240822
9,8,2015,33000,3,1,0,18.6,1197.0,81.83,5.0,5,4.182977
8,5,2005,100000,3,0,0,11.1,2354.0,142.0,5.0,15,4.29419
26,5,2017,65896,1,1,0,13.68,2393.0,147.8,7.0,3,19.373034
9,2,2016,120000,1,1,0,22.54,1396.0,88.73,5.0,4,5.829114
15,9,2013,26000,1,1,0,20.8,1461.0,64.1,5.0,7,3.718522
16,2,2012,62300,3,1,2,15.1,1196.0,73.0,5.0,8,2.883841
26,7,2012,77801,3,1,0,14.28,1798.0,138.03,5.0,8,4.9691167
26,9,2015,42000,3,0,0,14.28,1798.0,138.03,5.0,5,10.382763
17,1,2013,35000,3,0,2,15.5,1595.0,120.7,5.0,7,8.372852
9,8,2016,30134,1,1,0,22.54,1396.0,88.73,5.0,4,6.307927
8,4,2012,79038,3,1,0,12.8,2354.0,177.6,5.0,8,6.9685273
8,9,2009,80000,3,0,2,11.7,2354.0,177.6,5.0,11,5.368068
15,5,2012,75000,1,1,0,15.96,2523.0,62.1,7.0,8,6.656708
16,1,2010,80000,1,1,0,21.1,1248.0,73.9,5.0,10,3.344102
24,4,2014,84419,3,0,0,13.7,1798.0,157.75,5.0,6,12.624664
8,8,2013,70200,3,1,0,18.0,1198.0,86.7,5.0,7,3.057506
27,2,2013,98000,3,1,2,15.04,1598.0,103.6,5.0,7,4.526089
16,2,2016,131503,1,1,0,23.2,1248.0,73.94,5.0,4,3.674603
8,6,2011,54652,3,1,0,17.0,1497.0,118.0,5.0,9,3.9954777
27,9,2010,92000,3,1,2,14.0,1595.0,102.0,5.0,10,2.663399
6,8,2010,44287,3,1,0,15.6,1196.0,70.0,5.0,10,1.8669467
26,10,2015,205000,1,1,0,12.99,2494.0,100.6,7.0,5,10.761153
9,5,2015,48000,3,1,0,18.6,1197.0,81.86,5.0,5,5.8605475
15,9,2016,18000,1,1,0,25.32,1198.0,77.0,6.0,4,5.608631
2,1,2008,31200,3,0,2,10.2,5998.0,616.0,5.0,12,16.925512
8,10,2009,72000,3,1,0,17.0,1497.0,118.0,5.0,11,2.757258
9,9,2009,85000,3,1,0,18.5,1197.0,80.0,5.0,11,2.3939857
8,8,2010,27000,3,1,0,17.0,1497.0,118.0,5.0,10,2.8270454
26,9,2012,126000,1,1,0,14.24,2755.0,174.5,7.0,8,13.356963
25,10,2017,50000,1,1,0,17.88,1405.0,48.21,5.0,3,4.300339
8,9,2013,58811,3,1,2,18.0,1198.0,86.7,5.0,7,3.5264912
27,10,2013,52196,1,1,0,22.07,1199.0,73.9,5.0,7,4.080775
20,3,2017,45105,3,1,0,19.69,1198.0,67.04,5.0,3,3.901721
9,5,2015,25160,3,1,2,18.9,1197.0,82.0,5.0,5,4.8526525
25,5,2017,18000,3,1,0,20.3,1199.0,84.0,5.0,3,6.424273
8,1,2007,74000,3,1,0,11.9,2354.0,144.0,5.0,13,5.9226756
15,2,2009,67700,1,1,0,14.0,2498.0,112.0,7.0,11,4.334449
14,7,2015,61062,1,0,0,12.39,2179.0,147.51,5.0,5,22.187239
26,8,2016,105000,1,1,0,12.99,2494.0,100.6,7.0,4,9.589296
25,10,2013,155550,1,1,0,25.0,1396.0,69.01,5.0,7,3.4328108
16,4,2016,66000,1,1,0,24.3,1248.0,88.5,5.0,4,6.5694175
8,7,2012,93884,3,1,2,17.0,1497.0,118.0,5.0,8,4.433109
5,9,2009,200000,1,1,0,20.4,1248.0,91.7,5.0,11,2.7420633
25,8,2016,57200,3,1,0,23.84,1199.0,84.0,5.0,4,4.3406568
27,5,2013,93568,1,1,0,22.07,1199.0,73.9,5.0,7,4.5927567
16,8,2014,54000,3,1,0,20.51,998.0,67.04,5.0,6,2.7682817
9,1,2016,40571,1,0,0,17.01,1582.0,126.2,5.0,4,15.740534
0,5,2015,59000,1,0,0,18.25,1968.0,187.74,5.0,5,30.266922
1,3,2017,17273,1,0,0,20.68,1995.0,190.0,5.0,3,34.43224
6,9,2011,100077,1,0,2,11.4,2953.0,153.86,7.0,9,7.1360416
9,7,2011,39934,3,0,0,19.2,1197.0,80.0,5.0,9,3.8644476
16,1,2016,46000,1,1,0,24.3,1248.0,88.5,5.0,4,7.164361
8,3,2016,30842,3,1,0,17.0,1497.0,118.0,5.0,4,9.433308
17,9,2005,65000,3,0,2,11.7,1796.0,178.0,5.0,15,4.632487
28,1,2016,70000,1,1,0,11.1,2400.0,200.0,7.0,4,29.011263
26,2,2011,150152,1,1,2,11.5,2982.0,171.0,7.0,9,13.118561
20,3,2009,67038,3,0,0,9.1,2349.0,110.38042013311147,5.0,11,8.057128
9,1,2011,43985,0,1,0,11.88,1086.0,62.1,5.0,9,3.450603
1,3,2014,58598,1,0,0,11.2,2993.0,241.0,4.0,6,36.08136
25,10,2016,100000,1,1,0,25.0,1396.0,69.01,5.0,4,4.3333387
0,6,2016,35000,1,0,0,14.16,1968.0,174.3,5.0,4,30.007687
9,10,2008,84500,3,1,0,20.36,1197.0,78.9,5.0,12,2.0552576
16,8,2018,18006,3,1,0,21.4,1197.0,83.1,5.0,2,6.0739293
16,5,2013,99000,1,1,0,28.4,1248.0,74.0,5.0,7,5.0640855
16,4,2014,51200,3,1,0,15.1,1196.0,73.0,5.0,6,3.0631585
26,10,2014,130000,1,0,0,11.0,2982.0,170.3,7.0,6,19.537834
9,0,2017,25000,1,0,0,16.38,1995.0,182.46,5.0,3,37.114845
16,7,2017,32352,3,1,0,21.4,1197.0,83.1,5.0,3,6.6353135
9,1,2011,20000,3,1,0,20.36,1197.0,78.9,5.0,9,3.5953884
0,1,2013,46000,1,0,2,16.55,1968.0,147.51,5.0,7,21.3371
16,9,2018,12500,3,0,0,22.0,1197.0,81.8,5.0,2,6.820667
26,4,2011,53138,1,1,3,12.8,2494.0,102.0,8.0,9,8.441909
16,10,2013,170000,1,1,2,23.4,1248.0,74.0,5.0,7,3.12599
16,8,2012,38583,1,1,0,22.9,1248.0,74.0,5.0,8,3.1415024
16,5,2016,26000,3,0,0,22.5,998.0,67.0,5.0,4,4.7398295
9,3,2017,22865,3,1,0,15.29,1591.0,121.3,5.0,3,11.987582
24,8,2013,45000,1,1,0,17.5,1896.0,106.0,5.0,7,5.6406455
16,7,2017,62889,3,1,0,20.4,1197.0,81.8,5.0,3,5.6654773
16,10,2013,153000,3,1,0,16.8,796.0,34.2,5.0,7,1.4996789
16,0,2016,67000,1,1,0,28.4,1248.0,74.0,5.0,4,6.1742144
8,9,2014,39000,3,0,0,15.5,1198.0,86.7,5.0,6,4.895158
26,2,2006,164000,3,1,2,13.4,1794.0,125.0,5.0,14,2.39236
16,3,2018,57178,1,1,0,19.3,1248.0,73.9,5.0,2,7.1042013
0,4,2013,40000,1,0,0,17.68,1968.0,174.33,5.0,7,19.047918
3,9,2007,40000,3,1,0,18.0,995.0,62.0,5.0,13,1.1451826
9,9,2007,89564,1,1,3,18.1,1493.0,110.0,5.0,13,1.8669112
16,4,2012,66727,3,1,0,16.02,1373.0,93.7,7.0,8,3.7954588
0,9,2013,75000,1,0,2,15.73,1968.0,174.33,5.0,7,17.64336
3,3,2017,31056,1,0,0,14.81,1998.0,163.7,5.0,3,14.456692
27,10,2011,61000,3,1,0,15.04,1598.0,103.6,5.0,9,3.1383142
9,7,2016,34782,3,0,0,16.9,1197.0,82.0,5.0,4,6.8194814
9,3,2012,31736,3,1,0,20.36,1197.0,78.9,5.0,8,3.9524236
20,10,2014,75000,1,1,0,19.64,1461.0,108.5,5.0,6,5.1920757
15,9,2014,15000,1,1,0,16.55,2498.0,105.0,6.0,6,11.152263
6,3,2016,38503,1,1,0,22.7,1498.0,89.84,5.0,4,8.357833
8,3,2017,45353,1,1,0,21.9,1498.0,98.6,7.0,3,9.271173
14,5,2015,30000,1,0,0,12.7,2179.0,187.7,5.0,5,37.252415
26,10,2011,69470,3,1,2,17.6,1496.0,88.73,5.0,9,2.6541674
20,2,2008,63288,3,0,0,9.1,2349.0,110.38042013311147,5.0,12,6.7012954
27,3,2017,25087,3,1,0,16.47,1198.0,74.0,5.0,3,6.9229336
26,5,2015,134000,1,1,0,12.8,2494.0,102.0,7.0,5,15.515556
3,3,2015,54955,1,0,3,14.81,1998.0,163.7,5.0,5,10.850127
9,9,2017,28000,1,1,0,22.0,1582.0,126.2,5.0,3,10.762541
8,0,2015,45250,1,1,0,25.8,1498.0,98.6,5.0,5,5.5625234
14,7,2012,89190,1,0,2,11.4,2993.0,245.41,7.0,8,24.774767
8,3,2017,48184,1,1,0,26.0,1498.0,98.6,5.0,3,9.551246
16,8,2015,42125,1,1,0,26.59,1248.0,74.0,5.0,5,4.46674
20,3,2017,47052,3,0,0,19.15,1198.0,75.94,5.0,3,5.271103
9,9,2011,67000,3,1,2,20.36,1197.0,78.9,5.0,9,2.5892076
9,1,2011,43189,3,1,0,0.0,999.0,110.38042013311147,5.0,9,5.6152673
16,10,2015,174889,1,1,0,26.59,1248.0,74.0,5.0,5,3.5787764
16,10,2004,72135,3,1,0,19.7,796.0,46.3,5.0,16,0.92058814
16,4,2017,17660,1,1,0,24.3,1248.0,88.5,5.0,3,8.760637
8,10,2009,120000,3,0,0,11.7,2354.0,177.6,5.0,11,5.195186
3,10,2010,29629,3,1,0,18.6,1199.0,76.8,5.0,10,1.7779531
16,3,2016,69564,1,1,0,17.8,1248.0,110.38042013311147,5.0,4,7.968504
17,7,2017,34848,1,0,0,17.9,2143.0,170.0,5.0,3,28.84439
15,8,2013,61000,1,1,0,14.0,2498.0,112.0,8.0,7,6.8178205
4,9,2015,21000,3,1,0,19.83,1198.0,67.0,7.0,5,3.3806982
12,7,2015,27912,1,0,0,16.36,2179.0,187.7,5.0,5,29.746994
16,7,2013,62909,1,1,0,21.5,1248.0,88.8,5.0,7,4.4067874
16,7,2018,33140,3,1,0,23.1,998.0,67.04,5.0,2,4.865965
27,5,2014,75000,1,0,0,21.21,1498.0,103.2,5.0,6,7.805789
6,7,2017,25571,1,1,0,22.77,1498.0,98.59,5.0,3,8.800468
9,2,2002,120000,3,1,1,0.0,999.0,110.38042013311147,5.0,18,1.4262948
16,8,2016,12020,1,1,0,20.77,1248.0,88.76,7.0,4,7.407604
8,9,2014,36665,3,0,0,16.5,1198.0,86.8,5.0,6,4.909562
19,3,2018,41502,1,0,0,13.5,2477.0,175.56,7.0,2,24.140593
17,10,2011,130000,1,0,0,14.21,2143.0,203.0,5.0,9,14.196155
16,1,2017,51000,1,1,0,25.2,1248.0,74.0,5.0,3,6.4251266
9,10,2008,103000,3,1,2,13.2,1495.0,94.0,5.0,12,1.9713814
0,4,2012,70000,1,0,0,16.55,1968.0,147.51,5.0,8,12.014223
8,4,2010,56239,3,1,2,17.0,1497.0,118.0,5.0,10,3.0925379
1,0,2016,40000,1,0,0,22.69,1995.0,190.0,5.0,4,27.379303
23,7,2018,19964,3,0,0,22.5,999.0,67.0,5.0,2,6.4166727
15,3,2012,72246,1,1,0,13.6,2523.0,63.0,7.0,8,6.076349
9,8,2018,15000,1,1,0,20.5,1582.0,126.2,5.0,2,11.850549
25,1,2016,14000,3,1,1,23.9,624.0,37.48,4.0,4,2.9607987
27,10,2016,22764,3,1,0,16.2,1199.0,74.0,5.0,4,5.433235
27,10,2012,65000,1,0,0,18.33,1968.0,167.7,5.0,8,9.563052
11,8,2016,45000,1,1,0,12.08,2999.0,161.0,7.0,4,16.647057
17,3,2017,32090,1,0,0,13.0,2143.0,204.0,5.0,3,33.80293
15,10,2014,83000,1,1,0,15.1,2179.0,140.0,7.0,6,9.607981
17,4,2011,70000,1,0,0,13.0,2143.0,204.0,5.0,9,13.599466
15,2,2013,68000,1,1,0,16.0,2179.0,140.0,7.0,7,8.310905
20,6,2012,105000,3,1,0,16.95,1498.0,97.7,5.0,8,3.3944092
9,5,2006,88000,3,1,0,13.0,1795.0,127.0,5.0,14,2.7763107
8,9,2007,93000,3,0,2,11.1,2354.0,142.0,5.0,13,4.998967
8,4,2014,107000,1,1,0,26.0,1498.0,98.6,5.0,6,5.2069125
26,10,2011,141844,1,1,0,12.55,2982.0,168.5,7.0,9,11.896087
20,3,2015,32469,3,0,0,19.34,1198.0,76.0,5.0,5,4.5840864
15,7,2015,56318,1,1,0,15.1,2179.0,140.0,7.0,5,11.252332
18,3,2017,26002,1,0,0,20.7,1496.0,113.98,4.0,3,22.36726
16,10,2014,83000,1,1,0,25.2,1248.0,74.0,5.0,6,4.724991
3,10,2010,80000,3,1,2,18.6,1199.0,79.4,5.0,10,1.7167635
16,2,2016,56474,3,1,2,21.4,1197.0,83.1,5.0,4,5.441227
17,9,2012,26000,3,0,2,14.8,1595.0,120.69,5.0,8,7.0116987
0,9,2009,49000,3,0,2,9.74,1984.0,208.0,5.0,11,9.803649
24,7,2010,64132,1,0,2,17.0,1896.0,105.0,5.0,10,3.9894295
9,5,2016,41810,1,1,0,19.67,1582.0,126.2,5.0,4,12.174285
1,9,2013,60000,1,0,0,16.46,2993.0,258.0,5.0,7,33.017296
17,3,2016,22177,1,0,0,0.0,2987.0,165.0,5.0,4,35.272816
6,2,2014,100000,1,1,0,20.0,1399.0,68.05,5.0,6,3.765154
24,10,2012,75000,1,0,0,20.0,1968.0,138.1,5.0,8,7.372444
9,9,2011,68000,1,1,0,21.9,1396.0,90.0,5.0,9,3.0173225
26,7,2016,43518,1,1,0,12.99,2494.0,100.0,7.0,4,11.04676
16,10,2012,39100,3,0,0,16.98,998.0,66.1,5.0,8,2.6459975
9,4,2011,58000,3,1,0,17.01,1591.0,121.3,5.0,9,4.0394034
8,9,2010,52000,3,1,0,17.0,1497.0,118.0,5.0,10,2.8473227
1,6,2014,80000,1,0,0,13.2,1995.0,170.0,5.0,6,16.85568
16,6,2006,96000,3,1,2,18.2,998.0,67.1,5.0,14,1.2335808
24,4,2010,63000,3,0,0,13.7,1798.0,157.75,5.0,10,6.3369727
0,5,2014,50000,1,0,0,15.73,1968.0,174.33,5.0,6,28.739029
9,5,2014,15322,3,1,0,21.1,814.0,55.2,5.0,6,3.099308
8,6,2012,47000,3,1,0,19.4,1198.0,86.8,5.0,8,3.341704
27,2,2011,76041,1,1,0,20.54,1598.0,103.6,5.0,9,4.0937743
9,8,2009,46000,3,1,0,13.2,1495.0,94.0,5.0,11,1.8413811
15,6,2013,160000,1,1,2,15.96,2523.0,62.1,7.0,7,4.2690244
16,1,2015,17000,1,1,2,27.62,793.0,47.0,5.0,5,3.6064935
9,5,2014,56000,1,1,0,24.0,1120.0,70.0,5.0,6,4.8219543
9,9,2005,35000,3,1,0,15.3,1341.0,61.0,5.0,15,1.1991699
26,3,2015,54278,1,1,0,12.99,2494.0,100.6,7.0,5,14.176926
9,8,2015,39000,1,1,0,25.4,1186.0,73.97,5.0,5,3.8885455
0,1,2013,40000,1,0,0,17.68,1968.0,174.33,5.0,7,21.863167
6,8,2013,41000,3,0,0,15.63,1499.0,110.4,5.0,7,4.648748
1,8,2011,30342,3,0,0,15.56,1998.0,252.0,5.0,9,16.233124
8,9,2008,88000,3,1,2,17.7,1497.0,78.0,5.0,12,2.4097066
16,2,2018,9000,3,1,0,21.5,1197.0,81.8,5.0,2,6.7464585
16,4,2010,70000,1,1,0,19.3,1248.0,73.9,5.0,10,2.8238354
27,8,2011,46279,3,1,0,16.47,1198.0,73.9,5.0,9,2.2718067
16,10,2016,105000,1,1,2,23.2,1248.0,73.94,5.0,4,4.3309317
3,2,2011,130000,1,1,0,16.52,1991.0,123.7,5.0,9,4.0708914
23,6,2017,30000,3,1,0,25.17,799.0,53.3,5.0,3,3.6526217
27,8,2013,54000,1,1,0,19.33,1968.0,138.03,5.0,7,6.073852
6,6,2010,65000,1,1,0,20.0,1399.0,68.0,5.0,10,2.2749157
16,5,2010,70000,3,1,0,17.5,1298.0,85.8,5.0,10,3.5438695
17,10,2015,46000,1,0,0,13.0,2143.0,204.0,5.0,5,26.488007
3,10,2007,113000,3,1,0,18.0,995.0,62.0,5.0,13,1.1856949
9,6,2016,67310,3,1,0,18.9,1197.0,82.0,5.0,4,5.3568764
8,10,2019,1015,3,0,0,19.0,1199.0,88.7,5.0,1,9.096496
8,6,2011,83035,3,1,2,17.0,1497.0,118.0,5.0,9,3.7506504
26,8,2015,36983,1,1,0,12.99,2494.0,100.0,7.0,5,10.941266
3,10,2010,76000,1,1,3,18.3,1991.0,147.9,5.0,10,4.73684
24,3,2019,14148,3,0,0,14.3,1598.0,103.52,5.0,1,10.338018
16,8,2011,71428,1,1,0,21.1,1248.0,73.9,5.0,9,2.469492
16,9,2015,10500,3,1,2,18.5,1197.0,85.8,5.0,5,4.2581267
8,7,2010,58997,3,0,0,16.8,1497.0,118.0,5.0,10,3.79395
16,4,2015,39842,3,1,0,23.1,998.0,67.04,5.0,5,3.517632
16,7,2015,47490,0,1,0,32.26,998.0,58.2,4.0,5,3.6969943
25,6,2009,45000,3,1,0,15.8,1172.0,65.0,5.0,11,1.8896716
8,5,2011,80000,3,1,0,17.4,1497.0,117.3,5.0,9,5.1015697
26,1,2012,56600,1,1,0,23.59,1593.5849673202615,110.38042013311147,5.28454619787408,8,5.1756983
24,3,2015,55409,1,1,0,20.5,1598.0,103.5,5.0,5,7.124758
16,9,2009,77000,3,0,0,12.6,1586.0,103.3,5.0,11,3.151298
9,1,2012,58000,3,0,2,15.0,1593.5849673202615,110.38042013311147,5.28454619787408,8,5.742335
16,3,2016,59491,3,1,0,22.74,796.0,47.3,5.0,4,3.529242
15,5,2007,51000,1,1,0,10.5,2179.0,120.0,7.0,13,5.7352676
16,3,2017,18725,3,1,0,21.4,1197.0,83.1,5.0,3,7.4021893
1,1,2009,92000,3,0,0,11.5,2497.0,218.0,5.0,11,11.428536
16,3,2013,61450,1,1,0,21.1,1248.0,73.9,5.0,7,4.647799
9,3,2016,18592,3,1,0,20.3,998.0,68.05,5.0,4,4.5534754
3,1,2013,65137,1,1,2,18.2,1248.0,73.74,7.0,7,4.5005226
27,10,2011,83000,1,1,2,22.07,1199.0,73.9,5.0,9,3.0030642
9,4,2013,37000,1,0,0,22.32,1582.0,126.3,5.0,7,8.094018
8,3,2017,14052,3,0,0,16.0,1497.0,117.3,7.0,3,12.64347
9,3,2011,45086,3,1,0,20.36,1197.0,78.9,5.0,9,3.8527422
16,1,2016,25400,3,1,2,20.51,998.0,67.04,5.0,4,4.331008
26,5,2008,194500,1,1,0,12.8,2494.0,102.0,8.0,12,6.727289
26,10,2014,89000,1,1,0,12.8,2494.0,102.0,8.0,6,11.685801
9,8,2012,50000,1,1,0,23.5,1396.0,88.7,5.0,8,3.8881192
9,10,2012,76551,3,0,0,15.0,1396.0,98.6,5.0,8,4.2384114
27,9,2017,9700,3,1,0,16.2,1199.0,74.0,5.0,3,5.813263
9,9,2013,58000,3,1,0,17.01,1591.0,121.3,5.0,7,4.8723936
9,8,2013,46000,3,1,2,18.5,1197.0,82.9,5.0,7,3.0898838
9,1,2014,72017,1,1,0,22.7,1582.0,126.24,5.0,6,7.656747
6,8,2015,54407,1,1,0,22.77,1498.0,98.59,5.0,5,5.3548956
26,5,2012,147000,1,1,0,12.99,2494.0,100.0,8.0,8,11.654709
0,6,2015,61000,1,0,0,15.73,1968.0,174.33,5.0,5,21.161213
24,9,2016,18856,3,0,0,14.3,1598.0,103.52,5.0,4,7.83574
1,5,2011,76000,1,0,0,11.2,2993.0,241.0,4.0,9,21.308096
15,4,2017,17700,1,1,0,25.32,1198.0,77.0,5.0,3,5.982887
20,7,2014,82267,1,1,0,23.08,1461.0,63.1,5.0,6,2.5731392
8,7,2018,27041,3,0,0,18.0,1497.0,117.3,5.0,2,12.921133
16,1,2014,63000,3,1,2,24.07,998.0,67.1,5.0,6,3.4964037
16,5,2008,61000,3,1,0,18.9,1061.0,67.0,5.0,12,2.3176863
15,7,2018,28466,1,1,0,18.49,1493.0,100.0,7.0,2,9.314624
9,8,2002,80000,3,1,0,0.0,1086.0,110.38042013311147,5.0,18,0.7988759
9,4,2013,35373,3,1,0,21.1,814.0,55.2,5.0,7,2.5343902
25,6,2014,51000,1,1,0,11.57,2179.0,138.1,7.0,6,8.881244
0,9,2013,49000,1,0,0,17.68,1968.0,174.33,5.0,7,19.329922
20,8,2015,41000,1,1,0,22.71,1461.0,84.8,5.0,5,3.9511437
26,1,2011,82831,1,1,2,12.8,2494.0,102.0,7.0,9,10.694569
8,9,2010,52000,3,1,0,17.0,1497.0,118.0,5.0,10,2.8473227
16,5,2015,39736,1,1,0,25.2,1248.0,74.0,5.0,5,6.0102925
23,9,2014,26500,1,1,0,19.01,1461.0,108.45,5.0,6,5.6516204
16,9,2010,40000,3,1,0,22.0,1197.0,81.8,5.0,10,2.5452242
13,3,2019,5752,1,1,0,16.3,1956.0,170.0,5.0,1,26.44264
20,2,2015,54000,1,1,2,19.64,1461.0,108.5,5.0,5,5.1308165
16,8,2014,54841,3,1,0,22.5,998.0,67.04,5.0,6,2.714844
6,5,2014,34000,1,1,0,22.7,1498.0,89.84,5.0,6,6.8542795
8,0,2012,16000,3,1,0,19.4,1198.0,86.8,5.0,8,3.869573
6,10,2009,134000,1,1,0,17.8,1399.0,110.38042013311147,5.0,11,2.7617974
24,9,2017,24000,1,0,0,18.19,1968.0,174.5,5.0,3,22.743668
15,1,2013,60000,1,1,0,14.0,2498.0,112.0,8.0,7,8.196372
9,7,2015,58469,3,1,0,20.3,998.0,68.05,5.0,5,3.9083095
27,10,2011,110000,1,1,2,22.07,1199.0,73.9,5.0,9,3.2090368
9,7,2018,21127,3,0,0,14.62,1999.0,149.92,5.0,2,22.589565
26,10,2013,56000,3,1,0,12.4,1998.0,132.0,8.0,7,7.844369
15,9,2014,101000,1,1,0,14.02,2179.0,118.3,8.0,6,7.340252
9,5,2018,13664,3,1,0,18.6,1197.0,81.83,5.0,2,7.6996164
23,9,2014,65371,1,1,0,19.01,1461.0,108.45,5.0,6,5.2716
9,4,2014,70428,3,1,0,17.0,1591.0,121.3,5.0,6,5.7679124
9,1,2012,69010,1,1,0,22.32,1582.0,126.3,5.0,8,5.9400725
16,8,2017,68000,3,1,0,24.7,796.0,47.3,5.0,3,2.436709
20,8,2012,45000,1,1,0,21.64,1461.0,84.8,5.0,8,2.4880564
16,0,2017,55945,1,1,0,19.3,1248.0,73.9,5.0,3,6.4468827
3,5,2013,70000,1,1,0,22.1,1248.0,76.9,5.0,7,3.7493782
16,9,2014,12000,3,1,0,18.9,998.0,67.1,5.0,6,3.4860053
26,3,2019,10660,3,0,0,14.28,1798.0,138.03,5.0,1,16.967064
26,4,2012,52052,3,1,0,16.78,1496.0,88.73,5.0,8,3.2147412
17,2,2012,62940,1,0,2,14.84,2143.0,170.0,5.0,8,12.502692
9,8,2012,102000,3,1,0,17.92,1086.0,62.1,5.0,8,1.937809
27,2,2012,60000,1,1,0,20.54,1598.0,103.6,5.0,8,4.8859067
20,10,2013,66000,3,0,0,17.97,1498.0,99.6,5.0,7,4.3344817
8,5,2012,41000,3,1,0,18.5,1198.0,86.8,5.0,8,4.116407
8,2,2005,135000,3,0,3,10.1,2354.0,152.0,5.0,15,3.558548
8,10,2012,72000,3,0,0,16.8,1497.0,116.4,5.0,8,5.3999968
17,4,2014,55000,1,0,0,11.78,2143.0,167.62,5.0,6,20.759552
6,3,2016,37354,3,1,0,18.88,999.0,123.37,5.0,4,9.219344
17,4,2016,21000,1,0,0,17.9,2143.0,201.15,5.0,4,32.68235
1,1,2015,66508,1,0,0,18.12,1995.0,190.0,5.0,5,25.546137
17,5,2013,88000,1,0,0,11.3,2987.0,254.8,7.0,7,36.974567
26,1,2012,52000,1,1,0,12.55,2982.0,169.0,7.0,8,17.385967
17,3,2017,41372,1,0,0,17.9,2143.0,136.0,5.0,3,23.24618
24,6,2017,50000,1,0,2,21.72,1498.0,108.4,5.0,3,8.051076
16,8,2012,72000,1,1,0,17.8,1248.0,110.38042013311147,5.0,8,3.6287117
8,8,2013,51637,1,1,0,25.8,1498.0,98.6,5.0,7,3.6161108
26,9,2009,48233,3,1,0,14.53,1798.0,138.1,5.0,11,3.037499
9,2,2016,58000,3,1,2,18.9,1197.0,82.0,5.0,4,5.112825
8,2,2015,44550,3,0,0,19.0,1199.0,88.7,5.0,5,6.9521756
9,0,2013,60001,1,1,0,22.32,1582.0,126.32,5.0,7,6.286732
26,4,2014,150000,1,0,0,12.55,2982.0,168.5,7.0,6,20.160828
17,4,2015,33000,1,0,0,11.5,2987.0,210.0,5.0,5,22.831669
15,8,2016,27000,1,1,0,0.0,1593.5849673202615,110.38042013311147,5.28454619787408,4,8.043167
27,6,2015,62766,1,1,0,20.14,1498.0,88.8,5.0,5,5.3323183
16,4,2010,73575,3,1,0,18.9,998.0,67.1,5.0,10,2.0036826
8,10,2015,63000,1,1,0,25.8,1498.0,98.6,5.0,5,5.637192
26,6,2017,27270,1,0,0,11.36,2755.0,171.5,7.0,3,20.537983
17,1,2016,41737,1,0,0,19.27,2143.0,170.0,5.0,4,28.819366
17,3,2018,28358,1,0,0,19.27,2143.0,167.62,5.0,2,33.208984
16,10,2012,75500,1,1,2,21.1,1248.0,73.9,5.0,8,3.3558164
8,9,2016,9900,3,1,0,18.7,1199.0,88.7,5.0,4,6.599597
8,9,2014,17000,3,1,0,19.4,1198.0,86.8,5.0,6,4.0898337
1,1,2009,150000,1,0,2,18.48,1593.5849673202615,110.38042013311147,5.28454619787408,11,7.526766
9,1,2015,68178,1,1,0,21.38,1396.0,88.7,5.0,5,7.2675724
9,5,2009,52008,3,1,0,15.3,1341.0,83.0,5.0,11,3.249381
3,8,2013,76000,1,1,0,25.44,936.0,56.3,5.0,7,2.3918245
0,7,2015,48222,1,0,0,17.68,1968.0,174.33,5.0,5,23.273205
9,4,2016,100000,3,1,0,19.1,1197.0,82.0,5.0,4,4.2016616
16,4,2010,68000,1,1,0,19.3,1248.0,73.9,5.0,10,2.8105752
19,3,2015,76115,1,0,0,13.5,2477.0,175.56,7.0,5,15.69923
16,8,2015,36009,3,1,0,16.1,1593.5849673202615,110.38042013311147,5.28454619787408,5,5.0431066
26,5,2013,142000,1,0,0,12.55,2982.0,168.5,7.0,7,20.946178
28,5,2011,70000,1,0,0,13.2,2400.0,215.0,5.0,9,14.601054
9,3,2016,34224,1,1,0,19.67,1582.0,126.2,5.0,4,12.148684
17,0,2012,50000,1,0,2,14.21,2143.0,203.0,5.0,8,20.658018
8,9,2015,30000,1,1,0,24.2,1498.0,98.6,7.0,5,6.932223
23,1,2018,22000,1,1,0,20.37,1461.0,108.45,5.0,2,8.924546
9,8,2017,4000,3,1,0,21.1,814.0,55.2,5.0,3,2.7767386
28,4,2014,22230,1,1,0,11.1,2400.0,200.0,7.0,6,20.535267
16,1,2011,46000,3,0,0,16.98,998.0,66.1,5.0,9,2.861973
17,10,2013,88700,1,0,0,14.21,2143.0,203.0,5.0,7,22.546339
9,5,2015,56000,3,1,0,18.9,1197.0,82.0,5.0,5,5.3343964
0,0,2014,84004,1,0,0,20.38,1968.0,143.0,5.0,6,16.292128
1,1,2015,16000,1,0,0,14.69,2993.0,258.0,5.0,5,45.738277
15,6,2015,85009,1,1,2,16.0,2179.0,140.0,7.0,5,10.009115
6,9,2014,86000,3,1,0,18.88,999.0,123.37,5.0,6,5.0761585
3,3,2015,93442,1,1,0,18.2,1248.0,73.8,7.0,5,5.0758386
15,2,2015,65000,1,1,0,15.4,2179.0,120.0,8.0,5,10.106367
9,10,2013,67000,3,1,0,18.5,1197.0,80.0,5.0,7,3.9220228
23,3,2014,31513,1,1,0,23.08,1461.0,63.12,5.0,6,4.8372087
16,3,2017,75724,1,1,0,26.59,1248.0,74.0,5.0,3,6.7306595
9,8,2013,69000,3,1,0,21.1,814.0,55.2,5.0,7,1.9205141
20,9,2010,65000,3,1,0,18.06,1198.0,75.0,5.0,10,1.9180331
24,9,2017,27000,1,0,0,18.19,1968.0,174.5,5.0,3,22.407507
16,2,2014,56049,3,1,0,18.6,1197.0,85.8,5.0,6,4.84854
24,10,2012,96987,1,1,0,20.5,1598.0,103.5,5.0,8,4.4427843
5,6,2010,65000,3,1,3,14.6,1593.5849673202615,110.38042013311147,5.28454619787408,10,2.4603257
9,1,2010,69000,3,1,0,20.36,1197.0,78.9,5.0,10,3.3150187
8,1,2015,33500,1,1,0,27.3,1498.0,98.6,5.0,5,7.0839167
26,2,2012,93000,1,1,0,12.99,2494.0,100.0,8.0,8,10.213985
28,0,2013,64000,1,0,0,14.7,1984.0,181.0,5.0,7,14.578309
16,7,2017,48045,1,1,0,28.09,1248.0,88.5,5.0,3,8.340724
19,5,2009,94000,1,1,0,10.5,2835.0,107.2,6.0,11,7.136509
16,2,2011,60000,3,1,0,19.7,796.0,46.3,5.0,9,2.1976025
16,10,2010,115000,3,1,2,16.1,1593.5849673202615,110.38042013311147,5.28454619787408,10,2.2394753
1,1,2011,56000,1,0,0,13.2,1995.0,170.0,5.0,9,12.902758
9,10,2012,98472,1,1,0,23.0,1396.0,90.0,5.0,8,4.582716
9,5,2016,37800,1,1,0,19.67,1582.0,126.2,5.0,4,12.082131
16,3,2016,63617,3,1,0,14.0,796.0,35.0,5.0,4,3.1259131
9,0,2011,68000,1,1,0,18.1,1493.0,110.0,5.0,9,4.219956
16,7,2017,11282,3,1,0,21.4,1197.0,83.1,5.0,3,6.7874146
8,2,2013,75000,1,1,0,25.8,1498.0,98.6,5.0,7,4.6031656
1,3,2014,78984,1,0,0,16.09,1995.0,184.0,5.0,6,19.857
24,9,2016,71000,3,0,0,14.67,1798.0,177.46,5.0,4,14.555864
8,7,2014,43814,3,1,0,18.5,1198.0,86.8,5.0,6,4.632849
9,8,2011,60000,3,1,0,20.36,1197.0,78.9,5.0,9,2.340649
9,6,2007,85000,3,1,2,0.0,1086.0,110.38042013311147,5.0,13,2.0141075
0,7,2015,65438,1,0,0,17.68,1968.0,174.33,5.0,5,20.074976
23,9,2014,28215,1,1,0,19.87,1461.0,83.8,5.0,6,4.90763
8,7,2019,15053,1,1,0,25.5,1498.0,98.6,5.0,1,10.596785
8,1,2015,38000,1,1,0,24.5,1498.0,98.6,7.0,5,8.003247
27,7,2012,64213,3,1,0,16.47,1198.0,73.9,5.0,8,3.3304076
17,4,2017,15000,3,0,0,12.6,1950.0,191.34,5.0,3,37.852127
17,5,2011,82000,1,0,0,13.5,2987.0,282.0,5.0,9,25.17763
9,10,2009,60000,3,1,2,13.2,1495.0,94.0,5.0,11,2.1160665
16,2,2012,158000,3,1,0,17.5,1298.0,85.8,5.0,8,3.4368248
9,2,2007,73000,3,1,0,20.36,1197.0,78.9,5.0,13,2.158754
8,3,2013,71601,3,1,0,18.5,1198.0,86.8,5.0,7,4.563242
16,5,2015,82328,1,1,0,21.1,1248.0,73.9,5.0,5,5.4145503
8,8,2011,38000,3,1,0,18.5,1198.0,86.8,5.0,9,2.4103498
16,10,2014,85000,3,1,0,20.4,1197.0,81.8,5.0,6,3.846304
23,6,2012,116000,1,1,0,19.01,1461.0,108.45,5.0,8,4.2731233
9,9,2008,65000,3,1,2,17.92,1086.0,62.1,5.0,12,1.3441758
15,2,2018,5600,3,1,0,18.15,1198.0,82.0,5.0,2,7.1241884
6,4,2012,68000,1,0,0,11.4,2953.0,153.86,7.0,8,8.71419
25,8,2010,29300,3,1,0,15.8,1172.0,65.0,5.0,10,1.9347687
14,7,2018,23342,1,0,0,12.83,2179.0,147.5,5.0,2,33.276684
1,3,2017,41078,1,0,0,22.69,1995.0,190.0,5.0,3,28.381279
27,2,2014,38000,1,1,0,20.64,1498.0,108.49,5.0,6,5.806296
25,5,2013,132000,1,1,2,19.4,1405.0,70.0,5.0,7,4.4509892
16,10,2015,35000,3,1,0,22.74,796.0,47.3,5.0,5,2.6633773
6,0,2012,80000,1,1,0,20.0,1399.0,68.0,5.0,8,2.817916
6,8,2009,39408,1,1,0,17.8,1399.0,110.38042013311147,5.0,11,2.188696
8,8,2015,27525,3,1,0,18.7,1199.0,88.7,5.0,5,4.688747
9,6,2018,27000,1,1,0,24.0,1186.0,73.97,5.0,2,6.4400024
24,10,2015,82799,1,1,0,21.14,1498.0,103.52,5.0,5,6.4731174
16,10,2017,8000,3,1,0,20.89,1197.0,81.8,5.0,3,5.7060375
26,9,2014,46000,1,0,2,12.55,2982.0,168.5,7.0,6,19.88193
9,10,2012,98000,1,1,0,22.32,1582.0,126.3,5.0,8,5.483104
9,3,2016,47924,3,1,0,21.1,814.0,55.2,5.0,4,3.6904397
6,2,2013,39000,3,0,0,16.5,1499.0,110.0,5.0,7,5.993715
9,3,2017,33601,3,1,0,18.9,1197.0,82.0,5.0,3,6.7999625
9,10,2015,85000,1,0,0,17.6,1582.0,126.2,5.0,5,11.886239
26,10,2012,54000,3,1,0,14.53,1798.0,138.1,5.0,8,5.0336037
16,10,2017,35000,1,1,0,24.3,1248.0,88.5,5.0,3,8.805111
27,5,2013,80020,1,1,2,22.07,1199.0,74.0,5.0,7,4.3122864
6,2,2005,87500,3,1,2,13.8,1399.0,68.0,5.0,15,1.0541785
8,9,2015,59500,3,1,0,17.3,1497.0,117.3,7.0,5,5.74629
8,5,2015,76000,1,1,0,24.2,1498.0,98.6,7.0,5,7.5025864
22,1,2014,43000,1,0,2,15.15,2967.0,240.0,5.0,6,32.017017
8,7,2015,41850,3,1,0,18.0,1198.0,86.7,5.0,5,5.089649
0,5,2015,52300,1,0,0,20.38,1968.0,143.0,5.0,5,22.771978
15,10,2013,31924,1,1,0,15.1,2179.0,140.0,7.0,7,8.596165
9,3,2014,77914,1,1,0,16.2,1493.0,110.0,5.0,6,7.1560593
6,10,2013,70000,1,1,0,22.7,1498.0,89.84,5.0,7,5.415853
16,2,2010,94385,3,1,2,19.7,796.0,46.3,5.0,10,1.7332623
23,6,2012,57000,1,1,2,23.08,1461.0,63.12,5.0,8,3.7666583
9,3,2016,27039,3,1,0,20.3,998.0,68.05,5.0,4,4.522165
8,4,2015,11000,3,1,0,18.0,1198.0,86.7,5.0,5,5.2312098
27,6,2016,57669,1,0,0,21.5,1498.0,108.5,5.0,4,7.829911
26,10,2011,124000,1,1,0,11.5,2982.0,171.0,7.0,9,11.615298
16,9,2017,29500,1,1,0,23.65,1248.0,88.5,5.0,3,9.028848
16,6,2000,75000,3,1,0,16.1,796.0,37.0,4.0,20,0.51469064
16,3,2015,54186,3,0,0,23.1,998.0,67.04,5.0,5,4.475097
8,9,2015,36990,3,1,0,19.4,1198.0,86.8,5.0,5,4.117167
16,5,2016,90000,1,1,0,19.3,1248.0,73.9,5.0,4,5.715239
26,9,2018,23000,1,0,0,11.36,2755.0,171.5,8.0,2,20.831753
16,4,2016,23582,3,1,2,19.34,1462.0,103.0,7.0,4,6.957177
16,6,2009,87000,3,1,2,19.0,998.0,66.1,5.0,11,1.6525412
5,8,2019,1000,1,1,0,20.5,1248.0,91.72,5.0,1,10.697795
16,7,2015,58634,1,1,0,28.4,1248.0,74.0,5.0,5,5.314098
20,7,2013,41377,1,1,2,22.71,1461.0,84.8,5.0,7,3.2311625
9,6,2015,43000,3,1,0,21.1,814.0,55.2,5.0,5,3.0133142
8,7,2015,77372,3,1,0,18.0,1198.0,86.7,5.0,5,4.761807
6,2,2006,49000,3,1,2,16.6,1388.0,68.0,5.0,14,1.5697355
8,4,2015,48000,3,0,0,18.0,1497.0,117.3,5.0,5,8.563346
8,5,2012,30000,3,1,0,19.4,1198.0,86.8,5.0,8,3.9785628
16,8,2012,47000,3,1,0,18.9,998.0,67.1,5.0,8,2.110931
9,6,2016,76681,1,0,0,22.7,1582.0,126.2,5.0,4,12.350836
8,9,2010,106565,3,0,0,10.2,2354.0,180.0,5.0,10,6.9322143
16,3,2011,37492,3,0,0,22.5,998.0,67.0,5.0,9,3.3701768
3,3,2014,72843,1,1,2,17.3,1998.0,163.7,5.0,6,6.4913898
9,7,2013,55653,3,1,0,17.0,1197.0,80.0,5.0,7,4.2472515
25,0,2013,35000,3,1,0,25.4,624.0,37.48,4.0,7,1.9842372
6,4,2014,44000,3,1,0,15.8,1499.0,110.0,5.0,6,5.594597
25,10,2012,43200,1,1,0,19.1,1405.0,70.0,5.0,8,3.6150389
24,6,2005,117000,1,1,0,18.7,1896.0,66.0,5.0,15,2.1563728
19,3,2016,63961,1,0,0,13.5,2477.0,175.56,7.0,4,17.93972
18,9,2015,20000,1,0,0,20.7,1496.0,113.98,4.0,5,16.205202
9,10,2016,34000,3,1,0,19.1,1197.0,81.86,5.0,4,5.342379
9,8,2015,35000,3,1,0,18.6,1197.0,81.83,5.0,5,4.292925
9,9,2013,43000,3,1,0,18.5,1197.0,82.85,5.0,7,3.6586618
9,5,2008,63193,3,1,0,20.36,1197.0,78.9,5.0,12,2.8659017
26,1,2008,110000,1,1,0,12.8,2494.0,102.0,8.0,12,6.9854336
16,7,2011,44547,3,1,0,16.51,1586.0,103.2,5.0,9,3.4145527
8,0,2011,65000,3,1,0,17.0,1497.0,118.0,5.0,9,4.7566166
16,9,2012,79000,3,1,2,18.5,1197.0,85.8,5.0,8,2.9033096
16,4,2017,33000,0,1,0,32.26,998.0,58.2,4.0,3,3.9082198
9,10,2014,108000,3,0,0,15.0,1396.0,98.6,5.0,6,6.072039
26,7,2018,21302,1,1,0,13.68,2393.0,147.8,8.0,2,18.894474
16,10,2014,82000,1,1,0,25.2,1248.0,74.0,5.0,6,4.75611
26,2,2014,173000,1,1,2,12.99,2494.0,100.6,8.0,6,10.801878
15,6,2013,72000,1,1,0,17.21,1493.0,100.0,7.0,7,5.2856755
15,1,2014,50299,1,1,0,15.1,2179.0,140.0,7.0,6,11.223575
0,8,2014,60000,1,0,0,17.68,1968.0,174.33,5.0,6,18.797668
26,8,2011,112999,1,1,0,11.5,2982.0,171.0,7.0,9,10.750177
26,10,2010,183000,1,1,0,12.8,2494.0,102.0,7.0,10,6.6353755
12,3,2016,58840,1,0,0,16.36,2179.0,187.7,5.0,4,32.7019
9,8,2014,58000,3,1,0,17.01,1591.0,121.3,5.0,6,4.8275585
9,6,2011,78000,1,1,0,21.9,1396.0,90.0,5.0,9,3.0173855
24,0,2018,34000,1,1,0,21.0,1968.0,141.0,5.0,2,15.84034
9,5,2012,54982,3,1,0,20.36,1197.0,78.9,5.0,8,3.7290244
16,6,2008,65000,3,1,2,19.7,796.0,46.3,5.0,12,1.220376
23,7,2018,16292,3,1,0,25.17,799.0,53.3,5.0,2,4.282859
9,9,2015,11206,3,1,0,18.9,1197.0,82.0,5.0,5,4.464043
9,10,2015,32100,3,0,0,18.9,1197.0,82.0,5.0,5,5.284122
16,4,2018,22296,3,1,2,22.5,998.0,67.04,5.0,2,4.2214894
9,8,2015,36113,1,1,0,22.54,1396.0,88.73,5.0,5,5.4864564
28,4,2011,87000,1,0,2,13.1,2400.0,215.0,5.0,9,13.363545
23,6,2018,1001,1,1,0,19.87,1461.0,83.8,5.0,2,8.191587
8,5,2015,39822,3,0,0,18.0,1497.0,117.3,5.0,5,10.00704
16,5,2008,81814,3,1,0,16.1,1298.0,88.2,5.0,12,2.7610161
9,2,2016,62000,1,1,0,19.67,1582.0,126.2,5.0,4,11.202014
16,10,2017,71000,1,1,2,26.59,1248.0,74.0,5.0,3,5.762255
8,3,2019,10452,3,0,0,19.0,1199.0,88.7,5.0,1,9.923838
25,8,2018,1520,3,1,0,23.84,1199.0,84.0,5.0,2,5.6349826
8,2,2013,35315,3,1,2,19.4,1198.0,86.8,5.0,7,3.934379
16,5,2014,91722,1,1,0,25.2,1248.0,74.0,5.0,6,5.383509
9,10,2011,35976,3,1,0,17.0,1197.0,80.0,5.0,9,3.1509151
23,4,2016,22000,3,1,0,25.17,799.0,53.3,5.0,4,3.3973117
0,5,2011,71000,1,0,0,18.53,1968.0,187.74,5.0,9,16.618042
9,10,2014,25000,3,1,0,18.9,1197.0,82.0,5.0,6,4.1216493
16,5,2010,54486,3,1,0,19.7,796.0,46.3,5.0,10,2.1800666
12,8,2017,18366,3,0,0,10.8,1997.0,246.74,5.0,3,56.488537
25,8,2010,16000,3,1,0,15.0,1368.0,90.0,5.0,10,2.2144876
25,3,2017,31176,3,0,0,21.9,624.0,37.48,4.0,3,3.7221475
1,6,2012,88375,1,0,2,17.05,1995.0,184.0,5.0,8,13.6062975
16,6,2017,34500,3,0,0,20.51,998.0,67.0,5.0,3,4.327685
26,5,2012,80000,1,1,0,12.55,2982.0,168.5,7.0,8,17.484343
27,4,2013,46000,1,1,0,22.07,1199.0,73.9,5.0,7,3.4079738
8,9,2009,70000,3,0,3,13.9,1799.0,130.2,5.0,11,3.6453156
1,5,2009,51000,1,0,0,14.49,2993.0,258.0,5.0,11,25.475292
15,4,2017,25000,1,0,0,16.0,2179.0,140.0,7.0,3,19.169266
9,3,2017,25132,3,0,0,14.5,1797.0,147.4,5.0,3,22.186039
26,4,2011,70000,3,1,0,14.53,1798.0,138.1,5.0,9,4.7219367
16,7,2015,48913,3,1,0,24.7,796.0,47.3,5.0,5,2.7053764
8,5,2014,63000,1,1,0,25.6,1498.0,98.6,5.0,6,7.053034
16,6,2011,90000,3,1,0,19.7,796.0,46.3,5.0,9,1.7065966
8,2,2013,55000,3,1,0,19.4,1198.0,86.8,5.0,7,3.8961897
27,9,2013,51000,3,1,0,16.47,1198.0,73.9,5.0,7,3.3903642
16,10,2012,35844,3,1,2,18.5,1197.0,85.8,5.0,8,3.0844064
20,8,2012,14850,3,0,0,10.0,3696.0,328.5,2.0,8,19.019566
0,5,2014,98000,1,0,0,17.68,1968.0,174.33,5.0,6,24.335373
9,9,2015,17000,3,1,0,18.6,1197.0,81.83,5.0,5,4.9645953
9,9,2013,42670,1,1,0,22.32,1582.0,126.3,5.0,7,5.755727
1,7,2014,33128,1,0,0,17.54,2993.0,313.0,4.0,6,44.864796
16,2,2018,7300,3,1,2,24.07,998.0,67.1,5.0,2,4.2264967
9,8,2016,53416,1,1,0,22.54,1396.0,88.73,5.0,4,6.004496
26,2,2011,47000,3,1,2,17.6,1496.0,88.73,5.0,9,3.258811
9,0,2008,72002,1,1,2,13.6,1991.0,142.0,5.0,12,5.122573
24,10,2016,47000,1,0,0,21.72,1498.0,108.4,5.0,4,8.072553
0,3,2016,47634,1,0,0,17.68,1968.0,174.33,5.0,4,31.655563
27,0,2015,62000,3,1,0,16.47,1198.0,74.0,5.0,5,4.8611
6,2,2013,65000,1,1,2,19.68,1399.0,67.0,5.0,7,3.350408
23,5,2014,92448,1,1,0,17.15,1995.0,147.9,5.0,6,12.872779
6,2,2014,68000,1,1,0,22.7,1498.0,89.84,5.0,6,5.9902077
14,9,2011,87000,1,0,0,0.0,2179.0,115.0,5.0,9,14.558194
8,10,2016,108000,1,1,0,25.8,1498.0,98.6,5.0,4,6.136628
28,2,2015,60000,1,0,0,23.3,1984.0,150.0,5.0,5,15.899151
9,2,2011,82000,3,1,0,20.36,1197.0,78.9,5.0,9,3.2258716
6,6,2016,26189,3,1,0,18.16,1196.0,86.8,5.0,4,5.1920657
16,6,2016,26300,1,1,0,28.09,1248.0,88.5,5.0,4,7.8141785
26,9,2016,35000,1,0,0,12.55,2982.0,168.7,7.0,4,22.724295
25,10,2010,67000,1,1,0,18.0,1248.0,75.0,5.0,10,2.7531445
9,6,2012,42285,3,1,0,22.0,814.0,55.0,5.0,8,2.4445183
15,8,2017,7000,3,1,0,18.15,1198.0,82.0,6.0,3,5.142058
9,10,2016,42000,3,1,0,18.6,1197.0,81.83,5.0,4,6.0324306
9,7,2015,56967,3,1,0,17.92,1086.0,62.1,5.0,5,3.6519299
17,3,2019,29566,1,0,0,17.9,2143.0,170.0,5.0,1,38.262207
16,7,2015,41836,3,1,0,20.51,998.0,67.04,5.0,5,3.791583
15,3,2018,19764,1,1,0,16.5,1493.0,70.0,7.0,2,6.262009
25,8,2009,134000,1,1,0,18.0,1248.0,75.0,5.0,11,2.0437236
9,4,2018,8321,3,1,0,18.6,1197.0,81.86,5.0,2,7.1452
25,10,2015,174000,1,1,0,19.1,1405.0,70.0,5.0,5,4.381977
26,10,2002,119613,1,1,2,13.1,2446.0,75.0,10.0,18,3.605206
16,2,2017,21000,3,1,0,20.85,1197.0,83.14,5.0,3,6.408824
27,9,2015,55600,1,1,0,20.34,1498.0,103.2,5.0,5,6.3440404
5,8,2014,61000,1,1,0,19.5,1248.0,75.0,5.0,6,3.4872727
8,10,2013,38428,3,1,2,19.4,1198.0,86.8,5.0,7,3.3882961
1,2,2009,95000,1,0,2,18.48,1593.5849673202615,110.38042013311147,5.28454619787408,11,8.14486
9,9,2012,18000,3,1,0,17.0,1197.0,80.0,5.0,8,3.69699
6,2,2019,7000,1,0,0,12.62,2198.0,158.0,7.0,1,33.555626
9,7,2016,24779,3,1,0,18.6,1197.0,81.83,5.0,4,6.276542
16,7,2019,17431,3,1,0,21.5,1197.0,81.8,5.0,1,6.5970483
15,2,2008,88000,1,1,0,12.05,2179.0,120.0,8.0,12,4.827618
16,7,2015,29347,3,1,0,22.5,998.0,67.04,5.0,5,3.89854
16,0,2015,24000,1,1,0,26.21,1248.0,88.5,5.0,5,7.216276
0,3,2016,60249,1,0,0,18.25,1968.0,187.74,5.0,4,30.608343
16,9,2017,15000,3,1,0,20.73,1373.0,91.1,5.0,3,8.344411
6,8,2018,3013,1,1,0,24.4,1498.0,98.63,5.0,2,9.969214
26,8,2013,60000,1,1,0,23.59,1364.0,110.38042013311147,5.0,7,3.9485135
15,5,2013,83503,1,1,0,15.1,2179.0,140.0,7.0,7,9.281988
3,9,2011,69000,1,1,2,18.3,1991.0,147.9,5.0,9,5.583987
9,8,2018,54000,3,1,0,21.1,814.0,55.2,5.0,2,2.7595506
16,1,2013,49000,1,1,0,23.2,1248.0,73.94,5.0,7,4.321099
26,5,2013,86000,1,1,0,23.59,1364.0,110.38042013311147,5.0,7,5.882494
16,2,2010,36000,3,1,2,22.5,998.0,67.04,5.0,10,2.5251849
6,3,2018,12899,3,1,0,15.85,1499.0,110.4,5.0,2,9.857206
23,1,2016,56839,1,0,0,19.6,1461.0,108.45,5.0,4,8.73571
16,10,2012,46972,3,1,0,22.0,1197.0,81.8,5.0,8,3.460753
15,3,2015,96012,1,1,0,14.95,2489.0,93.7,7.0,5,7.7519245
26,7,2012,59311,3,1,0,18.3,1593.5849673202615,110.38042013311147,5.28454619787408,8,3.6278076
8,0,2010,90000,3,0,3,10.1,2354.0,152.0,5.0,10,7.8733826
5,7,2016,32835,1,1,0,20.5,1248.0,91.7,5.0,4,6.9246907
9,7,2017,60739,1,0,0,17.01,1582.0,126.2,5.0,3,13.128685
5,9,2017,19476,3,0,0,19.0,1368.0,160.0,4.0,3,19.541773
6,9,2017,15000,3,1,0,18.88,999.0,123.24,5.0,3,8.408528
12,5,2011,53000,1,0,0,14.74,2993.0,270.9,5.0,9,25.528612
9,2,2016,20000,3,1,2,18.9,1197.0,82.0,5.0,4,5.425185
17,5,2008,67000,1,0,0,8.7,2987.0,224.34,5.0,12,14.144603
26,1,2009,140000,1,1,2,12.8,2494.0,102.0,7.0,11,8.474174
8,4,2011,25000,3,0,2,11.7,2354.0,177.6,5.0,9,13.428487
16,6,2007,69000,3,1,2,18.9,998.0,67.1,5.0,13,1.4573843
9,5,2013,65461,1,1,0,21.9,1396.0,90.0,5.0,7,5.051887
16,8,2014,33000,3,1,0,18.6,1197.0,85.8,5.0,6,3.5656967
8,0,2011,52000,3,1,0,17.0,1497.0,118.0,5.0,9,4.765145
27,7,2015,29215,3,1,0,16.47,1198.0,74.0,5.0,5,4.8875175
9,6,2010,40000,2,1,2,13.2,1495.0,93.7,5.0,10,2.5227883
10,6,2017,290000,1,1,0,12.4,2499.0,134.0,5.0,3,10.981843
8,3,2017,14519,3,1,0,15.4,1497.0,117.3,7.0,3,10.107149
16,6,2012,350000,1,1,0,23.4,1248.0,74.0,5.0,8,2.9674149
8,8,2014,39000,1,1,0,24.2,1498.0,98.6,7.0,6,5.333262
16,3,2016,40130,3,1,0,16.02,1373.0,93.7,7.0,4,7.6822433
19,1,2015,58000,1,0,0,13.5,2477.0,175.56,7.0,5,17.422962
17,1,2013,43000,1,0,0,15.0,2147.0,107.3,5.0,7,14.947669
16,9,2017,15500,0,1,0,15.1,1196.0,73.0,5.0,3,4.6416397
27,9,2011,34948,3,1,0,16.09,1598.0,103.5,5.0,9,2.9393637
16,1,2006,98245,3,1,3,11.3,1298.0,83.1,8.0,14,1.8931105
8,4,2014,36390,1,1,0,26.0,1498.0,98.6,5.0,6,5.7350383
16,9,2010,122000,3,1,0,17.5,1197.0,85.8,5.0,10,2.2680907
27,0,2013,79003,1,1,0,20.54,1598.0,103.6,5.0,7,4.8966427
24,7,2013,78830,1,0,2,17.0,1896.0,105.0,5.0,7,8.639844
8,9,2011,53000,3,1,0,19.4,1198.0,86.8,5.0,9,2.658254
16,2,2009,53000,3,1,2,19.0,998.0,66.1,5.0,11,2.014274
16,6,2011,82000,1,1,2,21.5,1248.0,88.8,5.0,9,2.6400561
9,9,2013,95000,1,1,0,22.54,1582.0,126.2,5.0,7,5.905848
16,7,2017,18090,3,1,0,24.07,998.0,67.1,5.0,3,3.5749145
16,10,2004,70332,3,1,3,19.7,796.0,46.3,5.0,16,0.9187244
4,6,2018,46000,3,1,0,22.7,799.0,53.64,5.0,2,3.5842729
6,7,2015,63402,1,1,0,22.7,1498.0,89.84,5.0,5,6.354582
8,8,2017,13000,1,1,0,26.0,1498.0,98.6,5.0,3,7.7223444
17,10,2010,65505,1,0,0,14.94,2143.0,204.0,5.0,10,11.953346
9,10,2006,154000,3,1,3,13.2,2359.0,165.0,5.0,14,2.791011
3,1,2008,85142,3,1,2,18.0,995.0,62.0,5.0,12,1.4124691
27,6,2016,45000,3,1,0,16.2,1199.0,74.0,5.0,4,5.3671446
9,4,2011,48000,3,1,0,20.36,1197.0,78.9,5.0,9,2.8100052
26,4,2012,77800,3,1,0,18.3,1197.0,110.38042013311147,5.0,8,3.3793364
16,7,2016,39549,3,1,0,24.07,998.0,67.1,5.0,4,3.3667207
8,7,2011,100922,3,0,2,10.1,2354.0,152.0,5.0,9,8.686695
9,2,2013,55000,3,0,0,17.01,1591.0,121.4,5.0,7,7.0459614
17,5,2011,45000,1,0,2,14.94,2143.0,204.0,5.0,9,19.352758
8,6,2017,145000,3,0,0,18.1,1199.0,88.7,5.0,3,7.099757
15,8,2011,45000,1,1,0,14.0,2498.0,112.0,8.0,9,4.1427236
9,1,2012,44000,3,0,0,12.37,2359.0,198.25,5.0,8,14.564616
9,1,2015,48000,1,1,0,21.38,1396.0,88.7,5.0,5,7.370245
26,7,2011,64139,1,1,0,12.8,2494.0,102.0,7.0,9,7.050599
8,7,2019,11574,3,1,0,0.0,1199.0,88.7,5.28454619787408,1,10.17447
16,8,2013,14311,0,1,0,30.46,796.0,47.3,5.0,7,2.2854679
9,1,2016,20000,3,1,0,18.6,1197.0,81.83,5.0,4,6.5790567
17,3,2018,18338,3,0,0,19.0,2996.0,362.07,2.0,2,17.772484
9,7,2019,17964,1,1,0,22.54,1396.0,88.73,5.0,1,8.836176
26,5,2012,55500,1,0,0,11.5,2982.0,169.0,7.0,8,17.391123
15,2,2008,130000,1,1,2,12.05,2179.0,120.0,8.0,12,4.2954583
17,5,2016,50000,1,0,0,11.57,2987.0,254.79,5.0,4,46.700424
27,9,2015,49830,3,1,0,16.2,1199.0,74.0,5.0,5,4.2108765
1,8,2009,49000,1,0,0,18.48,1995.0,177.0,5.0,11,8.743011
6,8,2013,53967,1,1,0,22.7,1498.0,89.84,5.0,7,4.4068785
16,9,2011,54000,3,1,0,15.0,1586.0,104.68,5.0,9,3.206573
9,5,2009,75000,3,0,0,15.0,1396.0,100.0,5.0,11,3.6082063
9,10,2016,100000,1,1,0,24.4,1120.0,71.0,5.0,4,4.4795823
23,2,2015,142000,1,1,0,19.98,1461.0,108.5,8.0,5,5.9928966
23,6,2012,83388,1,1,2,19.01,1461.0,108.45,5.0,8,3.9670963
16,4,2012,62000,3,1,0,17.5,1298.0,85.8,5.0,8,3.258882
8,8,2016,61000,1,1,0,26.0,1498.0,98.6,5.0,4,5.969344
0,1,2011,45000,1,0,0,14.94,2967.0,241.4,5.0,9,17.183765
17,1,2013,33000,1,1,0,10.0,1796.0,157.7,5.0,7,15.394455
26,10,2014,113565,1,1,0,12.99,2494.0,100.6,8.0,6,11.802822
27,5,2008,131000,1,1,0,15.0,1896.0,105.0,5.0,12,4.2631583
15,4,2015,72253,1,1,0,15.96,2523.0,62.1,7.0,5,4.7120876
16,3,2016,46346,3,1,0,20.85,1197.0,83.14,5.0,4,6.405175
8,5,2016,37000,3,1,0,17.0,1497.0,118.0,5.0,4,8.910597
9,3,2019,56371,1,1,0,24.0,1186.0,73.97,5.0,1,6.651773
25,10,2016,98500,1,1,0,25.0,1396.0,69.01,5.0,4,4.6400113
16,0,2015,71588,1,1,0,27.39,1248.0,74.0,5.0,5,5.6481075
16,0,2014,68000,3,1,0,24.7,796.0,47.3,5.0,6,2.2783048
17,9,2003,66800,3,0,2,11.2,2497.0,203.0,5.0,17,4.8754325
16,2,2016,90000,1,1,0,19.3,1248.0,73.9,5.0,4,5.459952
20,6,2013,54000,1,1,0,20.45,1461.0,83.8,5.0,7,3.7354655
17,9,2011,87248,3,0,2,14.74,1991.0,184.0,5.0,9,8.244928
16,10,2017,9052,3,1,0,23.1,998.0,67.04,5.0,3,3.8503828
9,4,2014,67320,3,1,0,17.92,1086.0,62.1,5.0,6,3.0098677
27,7,2018,28635,3,1,0,16.2,1199.0,74.0,5.0,2,6.219137
15,7,2016,78904,1,1,0,15.96,2523.0,62.1,7.0,4,5.367946
1,7,2018,16409,1,0,0,14.69,2993.0,258.0,5.0,2,52.313934
8,4,2012,61180,3,1,2,16.8,1497.0,116.3,5.0,8,4.357123
9,4,2014,59577,3,1,2,18.5,1197.0,82.85,5.0,6,4.119922
26,9,2016,24104,1,1,0,12.99,2494.0,100.0,8.0,4,12.103402
1,9,2008,69000,1,0,3,16.73,2495.0,218.0,5.0,12,8.127826
27,1,2015,35000,3,0,0,17.21,1197.0,103.6,5.0,5,7.000211
19,0,2014,75000,1,0,0,13.5,2477.0,175.56,7.0,6,13.114491
16,6,2014,98000,3,1,0,16.02,1373.0,93.7,7.0,6,5.2967176
0,2,2014,51843,1,0,3,17.68,1968.0,174.33,5.0,6,24.30858
16,6,2013,80000,1,1,2,23.4,1248.0,74.0,5.0,7,3.886201
26,10,2009,110000,1,1,3,11.5,2982.0,171.0,7.0,11,7.766407
9,7,2015,75383,3,1,0,19.81,1086.0,68.05,5.0,5,3.7886147
15,7,2017,31861,1,0,0,18.49,1493.0,100.0,7.0,3,11.320259
17,9,2011,57900,1,1,0,15.8,2148.0,170.0,5.0,9,9.92234
16,4,2014,48000,1,1,0,19.3,1248.0,73.9,5.0,6,4.5241795
9,7,2015,33544,3,1,0,18.5,1197.0,82.85,5.0,5,5.029164
16,2,2015,65000,1,1,0,25.2,1248.0,74.0,5.0,5,5.2068577
26,3,2017,103189,1,1,0,13.68,2393.0,147.8,8.0,3,19.583805
26,7,2017,35007,3,1,0,16.78,1496.0,88.73,5.0,3,6.823987
26,10,2010,98000,1,1,0,21.43,1364.0,87.2,5.0,10,3.330401
9,5,2017,25678,1,1,0,24.0,1186.0,73.97,5.0,3,6.6005974
16,3,2015,65636,1,1,0,21.79,1248.0,88.73,5.0,5,6.273686
0,7,2015,21730,1,0,0,17.68,1968.0,174.33,5.0,5,24.656622
8,2,2013,46112,3,1,0,18.0,1198.0,86.7,5.0,7,4.31613
9,8,2015,20000,3,1,0,18.6,1197.0,81.83,5.0,5,4.312748
15,5,2013,67000,1,1,0,15.1,2179.0,140.0,7.0,7,9.252992
17,0,2016,29000,1,0,0,13.0,2143.0,204.0,5.0,4,30.511827
9,10,2014,86000,1,1,0,24.8,1396.0,88.7,5.0,6,6.4074736
8,5,2013,34000,3,1,0,18.0,1198.0,86.7,5.0,7,4.6358314
0,1,2014,36000,1,0,0,17.11,1968.0,174.33,5.0,6,24.047718
9,9,2013,49000,3,1,0,20.36,1197.0,78.9,5.0,7,3.152269
25,9,2017,7000,3,1,0,20.3,1199.0,84.0,5.0,3,6.396942
9,8,2014,60188,1,1,0,24.4,1120.0,71.0,5.0,6,3.7386737
6,0,2012,79000,1,1,0,20.0,1399.0,68.0,5.0,8,2.817916
26,2,2012,115439,1,1,2,12.99,2494.0,100.0,7.0,8,10.381379
9,10,2011,104500,1,1,2,23.0,1396.0,90.0,5.0,9,3.630097
17,4,2013,35000,1,0,0,13.0,2143.0,204.0,5.0,7,22.92314
9,3,2016,26186,1,1,0,19.67,1582.0,126.2,5.0,4,12.196218
3,10,2012,58061,3,1,0,18.0,995.0,62.0,5.0,8,1.9156551
9,0,2011,62000,1,1,0,23.0,1396.0,90.0,5.0,9,3.598289
16,9,2013,118000,1,1,2,23.4,1248.0,74.0,5.0,7,3.7192912
9,2,2009,65000,3,1,0,20.36,1197.0,78.9,5.0,11,2.8756056
9,5,2008,44379,3,1,0,17.92,1086.0,62.1,5.0,12,2.1858122
6,7,2017,61041,1,1,0,22.7,1498.0,89.84,5.0,3,8.213903
6,1,2011,73000,1,1,2,17.8,1399.0,67.0,5.0,9,3.305191
9,10,2016,57297,1,0,0,17.01,1582.0,126.2,5.0,4,14.879219
9,5,2015,28700,3,1,2,15.29,1591.0,121.3,5.0,5,8.549411
8,5,2013,85264,3,1,0,17.0,1497.0,118.0,5.0,7,6.089661
16,5,2017,20000,3,0,0,20.89,1197.0,81.8,5.0,3,7.2688684
8,5,2017,11934,3,0,0,18.0,1497.0,117.3,5.0,3,13.217964
8,10,2010,83000,3,1,0,17.0,1497.0,118.0,5.0,10,3.1026678
6,5,2013,23000,3,1,0,15.3,1596.0,99.6,5.0,7,5.0363984
9,9,2017,14927,3,1,0,18.6,1197.0,81.83,5.0,3,6.2924294
26,5,2007,158000,3,1,2,13.4,1794.0,125.0,5.0,13,2.8081725
20,6,2011,111000,1,1,3,23.08,1461.0,63.1,5.0,9,1.7071757
16,5,2011,63528,3,1,0,19.7,796.0,46.3,5.0,9,2.286523
16,6,2015,92000,1,1,0,26.21,1248.0,88.5,5.0,5,6.47868
16,4,2017,41200,1,1,0,28.09,1248.0,88.5,5.0,3,8.577563
15,3,2016,39052,1,1,0,15.1,2179.0,140.0,7.0,4,13.760699
23,0,2014,55100,1,1,0,20.45,1461.0,83.8,5.0,6,4.977799
9,0,2011,76958,3,1,0,17.0,1197.0,80.0,5.0,9,3.6227365
23,7,2015,70419,1,1,0,23.08,1461.0,63.12,5.0,5,4.576112
16,9,2017,21000,3,0,0,20.51,998.0,67.0,5.0,3,4.233704
1,4,2009,64000,3,0,0,7.94,4395.0,450.0,4.0,11,20.468039
8,4,2011,63698,3,1,2,16.8,1497.0,116.3,5.0,9,3.597158
25,3,2016,62715,1,1,0,23.03,1396.0,69.0,5.0,4,4.9712825
8,3,2013,37922,3,1,2,19.4,1198.0,86.8,5.0,7,4.277156
8,0,2016,52000,1,1,0,27.3,1498.0,98.6,5.0,4,7.1128864
17,2,2013,47000,1,0,0,20.0,2143.0,107.3,5.0,7,14.327991
26,9,2009,64000,3,1,2,14.53,1798.0,138.1,5.0,11,3.1731815
8,5,2007,109000,3,1,2,13.5,1799.0,130.0,5.0,13,2.8220804
9,9,2015,19000,1,1,0,19.67,1582.0,126.2,5.0,5,9.180442
0,0,2009,99000,3,0,2,9.74,1984.0,208.0,5.0,11,10.401725
21,5,2005,50000,3,1,2,14.2,1389.0,88.0,5.0,15,1.4086692
26,10,2013,105000,1,0,2,12.55,2982.0,168.5,7.0,7,16.340097
9,6,2016,24000,3,1,0,15.29,1591.0,121.3,5.0,4,9.122015
27,3,2017,23389,1,1,0,21.66,1498.0,108.62,5.0,3,8.647564
9,0,2009,90000,3,1,0,18.5,1197.0,80.0,5.0,11,3.0351248
0,4,2013,20000,1,0,0,17.68,1968.0,174.33,5.0,7,22.638224
9,6,2014,62269,1,1,0,24.0,1120.0,70.0,5.0,6,4.416834
0,2,2015,69000,1,1,0,17.32,1968.0,138.13,5.0,5,9.401861
1,7,2015,58898,1,0,0,14.69,2993.0,258.0,5.0,5,36.132404
16,3,2018,29110,1,0,0,26.59,1248.0,74.0,5.0,2,9.427717
9,7,2019,34649,3,0,0,18.9,1197.0,81.86,5.0,1,7.624875
8,8,2017,13000,1,1,0,26.0,1498.0,98.6,5.0,3,7.7223444
9,6,2015,25043,3,1,0,18.9,1197.0,81.86,5.0,5,4.7628813
8,3,2018,36611,3,0,0,19.0,1199.0,88.7,5.0,2,8.975062
16,6,2008,150000,1,1,2,17.8,1248.0,75.0,5.0,12,2.0254958
16,0,2015,82000,3,1,0,22.5,998.0,67.04,5.0,5,3.5239978
16,7,2017,45158,1,1,2,28.09,1248.0,88.5,5.0,3,7.87076
27,3,2016,36968,3,0,0,16.93,1197.0,103.2,5.0,4,8.379683
16,3,2015,53556,3,1,0,20.4,1197.0,81.8,5.0,5,5.528886
24,1,2013,78500,1,0,0,20.0,1968.0,138.1,5.0,7,10.373287
9,6,2017,133000,1,1,0,24.4,1120.0,71.0,5.0,3,4.470995
9,3,2017,33186,1,1,0,19.67,1582.0,126.2,5.0,3,13.35335
17,4,2012,65000,3,0,0,11.74,1796.0,186.0,5.0,8,13.717968
16,3,2015,61903,1,1,0,22.9,1248.0,74.0,5.0,5,5.7415276
26,8,2011,25000,3,1,0,17.6,1496.0,88.73,5.0,9,2.2886412
9,3,2007,64168,3,0,0,17.0,1086.0,110.38042013311147,5.0,13,3.1084156
16,5,2017,8044,3,1,0,20.85,1197.0,83.14,5.0,3,7.0826483
0,1,2017,18000,1,0,0,13.22,2967.0,241.4,5.0,3,43.81657
8,9,2013,80000,3,1,0,16.8,1497.0,116.3,5.0,7,4.960525
15,2,2016,45000,1,1,0,25.32,1198.0,77.0,5.0,4,5.5810885
15,9,2013,78835,1,1,2,14.0,2498.0,112.0,8.0,7,6.996093
25,7,2017,30631,3,1,0,23.84,1199.0,84.0,5.0,3,5.673719
15,5,2011,72573,1,1,0,12.05,2179.0,120.0,8.0,9,7.1651154
26,4,2016,10000,1,0,0,11.36,2755.0,171.5,7.0,4,19.731594
16,9,2011,50215,3,1,0,18.9,998.0,67.1,5.0,9,2.1883922
16,8,2009,9999,3,1,0,16.1,796.0,37.0,4.0,11,1.1636875
8,10,2008,110000,3,1,2,13.5,1799.0,130.0,5.0,12,2.4920423
3,6,2013,81000,1,1,0,25.44,936.0,57.6,5.0,7,2.842966
15,4,2016,11000,1,1,0,16.55,2498.0,105.0,6.0,4,10.6798525
25,8,2017,59000,3,1,0,17.57,1193.0,88.7,5.0,3,5.01085
9,9,2015,8300,3,1,0,21.1,814.0,55.2,5.0,5,2.8953295
15,9,2016,40000,1,0,0,11.18,2696.0,184.0,7.0,4,17.62973
9,10,2016,83500,1,1,0,19.67,1582.0,126.2,5.0,4,12.086316
25,8,2017,22000,1,1,0,22.95,1248.0,74.0,5.0,3,5.9683785
3,9,2013,39000,3,1,0,13.7,1399.0,98.82,7.0,7,3.158463
24,10,2013,90000,1,0,0,17.2,1968.0,138.1,5.0,7,10.373174
9,10,2012,134487,1,1,0,21.9,1396.0,88.8,5.0,8,3.7412162
0,1,2014,65000,1,0,0,15.73,1968.0,174.33,5.0,6,20.975609
15,0,2015,48000,1,1,0,15.4,2179.0,120.0,7.0,5,11.508754
1,1,2011,60000,1,0,0,13.2,1995.0,170.0,5.0,9,12.165337
17,7,2015,23742,3,0,0,15.04,1991.0,360.0,5.0,5,32.7282
8,5,2010,60268,3,1,0,17.0,1497.0,118.0,5.0,10,4.1979375
16,5,2016,70746,1,1,0,24.3,1248.0,88.5,5.0,4,7.97118
26,4,2014,61000,3,0,0,12.98,2494.0,178.4,5.0,6,14.081334
16,10,2007,102000,1,1,0,17.8,1248.0,75.0,5.0,13,2.1587753
9,1,2016,25000,3,0,2,14.5,1797.0,147.4,5.0,4,21.457447
23,4,2013,64000,1,1,0,20.46,1461.0,83.8,5.0,7,3.8802247
0,5,2010,78265,1,0,0,12.19,2967.0,236.0,5.0,10,19.208042
16,10,2006,76560,3,1,3,15.9,1298.0,85.0,5.0,14,1.2242644
13,8,2017,10000,1,1,0,17.1,1956.0,170.0,5.0,3,20.885931
8,9,2010,52000,3,0,0,16.8,1497.0,118.0,5.0,10,3.420043
25,6,2018,45000,1,1,0,22.95,1248.0,74.0,5.0,2,7.201872
16,7,2018,29562,3,1,0,21.4,1197.0,83.1,5.0,2,7.186387
16,8,2014,32000,1,1,0,26.59,1248.0,74.0,5.0,6,4.176976
27,3,2016,22003,3,1,0,16.2,1199.0,74.0,5.0,4,6.615339
18,10,2017,2890,3,1,0,13.8,1998.0,192.0,5.0,3,29.330008
19,9,2015,52000,1,0,0,13.5,2477.0,175.56,7.0,5,16.167234
8,10,2008,100000,3,1,2,17.7,1497.0,78.0,5.0,12,2.3922634
9,6,2013,60000,3,1,2,21.1,814.0,55.2,5.0,7,2.539377
3,6,2010,6512,3,1,0,16.0,995.0,63.0,5.0,10,1.7250614
16,8,2008,39008,3,1,0,19.7,796.0,46.3,5.0,12,1.0798163
26,2,2003,136441,3,1,0,13.4,1794.0,125.0,5.0,17,1.9966178
9,8,2012,36200,3,1,0,17.0,1197.0,80.0,5.0,8,3.0725179
9,8,2015,32506,1,1,0,24.8,1396.0,88.7,5.0,5,5.821078
3,10,2016,67000,3,1,0,13.7,1399.0,98.79,8.0,4,5.19654
5,10,2011,59800,3,1,2,14.6,1368.0,88.7,5.0,9,2.4284246
15,3,2015,63008,1,1,0,15.1,2179.0,140.0,7.0,5,12.307126
16,3,2018,57804,1,0,0,24.3,1248.0,88.5,5.0,2,10.269988
26,8,2012,37212,3,1,0,18.3,1197.0,110.38042013311147,5.0,8,2.9065971
9,6,2015,65000,1,1,0,19.67,1582.0,126.2,5.0,5,9.097726
9,3,2009,61259,3,1,0,17.92,1086.0,62.1,5.0,11,2.3758395
9,2,2010,50000,3,0,2,15.0,1396.0,100.0,5.0,10,3.3571706
9,9,2006,183513,1,1,2,14.9,1991.0,112.2,5.0,14,2.276485
15,4,2015,66000,1,1,0,16.0,2179.0,140.0,7.0,5,10.164334
0,7,2012,78979,1,0,0,18.53,1968.0,187.74,5.0,8,16.086254
25,1,2016,30010,3,1,0,23.84,1199.0,84.0,5.0,4,5.2432213
17,7,2016,27508,1,0,0,20.0,2143.0,107.3,5.0,4,17.682955
9,9,2014,28000,3,0,0,17.1,1591.0,121.4,5.0,6,8.17958
17,9,2014,45000,1,0,0,19.27,2143.0,167.62,5.0,6,21.131527
1,7,2013,86107,3,0,0,8.45,2979.0,321.0,5.0,7,35.6114
14,5,2015,49000,1,0,2,12.7,2179.0,187.7,5.0,5,35.022476
9,3,2018,32746,3,0,0,13.0,1591.0,121.3,5.0,2,19.45938
27,9,2013,42758,3,0,0,16.93,1197.0,103.2,5.0,7,5.027525
18,5,2013,50000,1,0,0,23.8,1998.0,112.0,5.0,7,16.018366
28,3,2016,90904,1,0,0,9.0,1984.0,181.0,5.0,4,22.687551
23,8,2012,52612,1,1,0,23.08,1461.0,63.12,5.0,8,3.1800723
8,8,2015,40000,3,1,0,18.0,1198.0,86.7,5.0,5,3.8444753
26,4,2012,80724,3,0,0,12.98,2494.0,178.4,5.0,8,8.248874
16,5,2009,62659,3,1,0,19.7,796.0,46.3,5.0,11,1.9312022
24,7,2011,72734,3,0,2,14.67,1798.0,177.46,5.0,9,5.9785733
16,10,2015,15000,3,1,0,17.5,1373.0,91.1,7.0,5,6.290842
0,1,2014,65475,1,0,0,16.55,1968.0,147.51,5.0,6,17.904297
16,2,2012,71000,1,1,0,20.77,1248.0,88.76,7.0,8,5.479604
17,1,2016,16000,1,0,0,19.27,2143.0,167.62,5.0,4,30.673803
16,4,2011,72329,3,1,0,17.5,1197.0,85.8,5.0,9,2.8111656
17,3,2016,49398,1,0,0,17.9,2143.0,136.0,5.0,4,22.561943
8,6,2016,44147,3,1,0,17.8,1497.0,117.3,5.0,4,8.131067
16,0,2007,45000,3,1,0,19.7,796.0,46.3,5.0,13,1.5906498
26,4,2011,75000,1,1,0,11.5,2982.0,171.0,7.0,9,11.055175
1,3,2017,22574,1,0,0,21.76,1995.0,190.0,5.0,3,36.5388
9,7,2016,26642,3,1,0,18.6,1197.0,81.86,5.0,4,6.028194
8,5,2013,81304,1,1,0,25.8,1498.0,98.6,5.0,7,5.1433454
27,8,2013,46000,1,1,0,15.0,1896.0,105.0,5.0,7,5.966724
17,5,2007,99000,3,1,0,13.0,2987.0,210.0,5.0,13,12.35419
9,10,2012,36317,3,1,0,21.1,814.0,55.2,5.0,8,2.1534264
16,10,2008,70000,3,1,0,18.2,998.0,67.1,5.0,12,1.5510831
9,5,2009,137711,1,1,0,16.8,1493.0,110.0,5.0,11,3.4244885
9,9,2018,18980,3,0,0,17.0,1591.0,121.3,5.0,2,12.345205
9,9,2015,31293,3,1,0,18.6,1197.0,81.83,5.0,5,4.7612925
16,10,2004,43000,3,1,2,15.4,1590.0,94.0,5.0,16,1.3202524
8,0,2016,45000,1,1,0,27.3,1498.0,98.6,5.0,4,7.307975
27,8,2012,53000,1,1,0,20.54,1598.0,103.6,5.0,8,3.5782456
9,10,2011,30000,3,1,0,19.81,1086.0,68.05,5.0,9,2.3473275
13,4,2017,13000,1,1,0,17.1,1956.0,170.0,5.0,3,21.545357
23,4,2013,62000,1,1,0,19.01,1461.0,108.45,5.0,7,4.31031
16,2,2012,35161,3,1,0,17.5,1298.0,85.8,5.0,8,4.1119323
16,6,2006,75000,3,1,0,19.7,796.0,46.3,5.0,14,1.1980448
25,3,2016,53590,3,0,0,21.9,624.0,37.48,4.0,4,3.4224496
9,2,2008,71467,3,1,0,19.81,1086.0,68.05,5.0,12,2.2977557
16,7,2011,66287,3,1,0,19.7,796.0,46.3,5.0,9,1.8847992
6,6,2012,85000,1,1,2,20.0,1399.0,68.0,5.0,8,2.6941962
14,5,2012,147202,1,0,0,11.8,2993.0,241.6,7.0,8,30.409725
8,3,2016,72566,1,1,0,26.0,1498.0,98.6,5.0,4,7.929264
16,10,2015,190000,1,1,0,23.2,1248.0,73.94,5.0,5,3.5248752
9,4,2017,25348,3,1,0,18.9,1197.0,81.86,5.0,3,5.6217957
9,4,2014,54000,3,0,0,18.9,1197.0,82.0,5.0,6,4.912909
9,1,2015,33000,3,1,0,18.6,1197.0,81.83,5.0,5,6.097116
1,4,2011,58067,1,0,0,18.48,1995.0,177.0,5.0,9,11.972098
17,3,2015,43020,1,0,0,13.0,2143.0,201.1,5.0,5,27.070587
26,5,2014,27641,1,1,0,12.99,2494.0,100.0,7.0,6,14.167685
16,5,2016,46372,1,1,0,26.59,1248.0,74.0,5.0,4,6.835678
16,7,2016,27535,3,1,0,24.07,998.0,67.1,5.0,4,3.388373
1,7,2016,55615,1,0,0,22.48,1995.0,190.0,5.0,4,28.171259
16,6,2017,19000,1,1,0,24.3,1248.0,88.5,5.0,3,9.039948
9,8,2010,47000,3,1,0,16.2,1599.0,103.2,5.0,10,2.1994722
8,4,2015,60595,3,1,0,17.4,1497.0,117.3,5.0,5,6.77558
25,5,2013,170000,1,1,0,22.3,1248.0,74.0,5.0,7,4.1673813
9,4,2017,14301,1,1,0,21.19,1396.0,88.73,5.0,3,8.146556
0,7,2015,42741,1,0,2,17.68,1968.0,174.33,5.0,5,23.562326
1,4,2015,31000,1,0,2,15.97,2993.0,258.0,5.0,5,52.72242
9,4,2017,11000,3,1,0,15.29,1591.0,121.3,5.0,3,10.866028
16,9,2018,3800,1,0,0,24.3,1248.0,88.5,5.0,2,12.56271
6,3,2009,44702,3,1,0,16.6,1388.0,68.0,5.0,11,2.965674
16,4,2017,14300,1,0,0,28.4,1248.0,73.75,5.0,3,8.120646
8,3,2018,31542,3,1,0,17.4,1497.0,117.3,5.0,2,10.720499
16,2,2015,31717,3,0,0,23.1,998.0,67.04,5.0,5,4.1474814
3,7,2011,99120,1,1,0,11.5,1991.0,147.9,7.0,9,5.1785107
4,2,2016,36000,3,1,0,19.83,1198.0,67.0,5.0,4,3.468152
24,4,2010,40000,3,1,0,13.1,1798.0,157.8,5.0,10,5.4999056
9,0,2014,41000,3,1,0,0.0,1086.0,62.0,5.0,6,4.952149
15,2,2007,160000,1,1,2,19.2,1461.0,65.0,5.0,13,2.0532227
25,10,2016,41413,1,1,0,27.28,1047.0,69.0,5.0,4,5.3969607
27,9,2011,67500,3,0,2,14.4,1598.0,103.6,5.0,9,3.8890595
9,10,2014,30315,3,1,0,18.6,1197.0,81.83,5.0,6,4.5513806
6,7,2017,39015,3,1,0,17.0,1497.0,121.36,5.0,3,9.135239
13,9,2018,6000,3,1,0,16.0,1368.0,160.0,5.0,2,14.780865
0,1,2014,21143,1,0,0,16.55,1968.0,147.51,5.0,6,23.418465
9,7,2013,42203,3,1,0,17.1,1591.0,121.3,5.0,7,5.1574163
16,7,2017,21380,1,1,0,24.3,1248.0,88.5,5.0,3,9.143001
9,7,2018,23955,3,1,0,18.6,1197.0,81.86,5.0,2,7.1691866
8,8,2013,38568,1,1,0,25.8,1498.0,98.6,5.0,7,3.7181897
0,5,2011,64000,1,0,0,16.55,1968.0,147.51,5.0,9,14.981409
8,5,2014,57000,3,0,0,15.5,1198.0,86.7,5.0,6,5.8535147
8,3,2017,44556,1,1,0,27.3,1498.0,98.6,5.0,3,9.180206
1,4,2012,80000,1,0,0,16.73,2993.0,218.0,5.0,8,20.039612
9,8,2015,39000,3,1,0,18.9,1197.0,82.0,5.0,5,3.7576246
23,2,2015,70000,1,1,0,19.87,1461.0,83.8,5.0,5,5.4161716
3,10,2009,45463,3,1,0,14.49,1399.0,92.7,5.0,11,1.5752525
8,7,2015,44776,3,1,0,18.0,1198.0,86.7,5.0,5,5.0594716
9,3,2016,18242,3,0,0,18.9,1197.0,82.0,5.0,4,6.8819504
9,3,2015,21190,3,1,0,21.1,814.0,55.2,5.0,5,3.4844651
27,5,2011,89411,1,1,0,20.54,1598.0,103.6,5.0,9,4.472196
27,9,2015,59000,3,0,0,17.21,1197.0,103.6,5.0,5,6.221956
20,8,2012,28000,1,1,0,23.08,1461.0,63.1,5.0,8,2.2760382
27,10,2013,52262,3,0,3,17.2,1197.0,103.6,5.0,7,5.042772
17,7,2014,72443,1,0,0,10.0,2148.0,170.0,5.0,6,18.803316
